[1/140] OK  rq1                seed=456  cost/d=    15,492  viol=  10.7%  fcsd=0.945  (2356s)
[2/140] OK  rq1                seed=42  cost/d=    20,514  viol=  99.3%  fcsd=0.615  (2361s)
[3/140] OK  rq1                seed=42  cost/d=    16,589  viol=  89.4%  fcsd=0.628  (2370s)
[4/140] OK  rq1                seed=2024  cost/d=    12,063  viol=  99.1%  fcsd=0.609  (2381s)
[5/140] OK  rq1                seed=789  cost/d=    11,530  viol=  99.1%  fcsd=0.618  (2388s)
[6/140] OK  rq1                seed=123  cost/d=    14,984  viol=  51.0%  fcsd=0.785  (2404s)
[1/134] OK  rq1                seed=456  cost/d=    16,055  viol=  99.3%  fcsd=0.627  (1446s)
[2/134] OK  rq1                seed=789  cost/d=    17,712  viol=  69.0%  fcsd=0.694  (1446s)
[3/134] OK  rq1                seed=42  cost/d=     5,862  viol=  98.1%  fcsd=0.793  (1450s)
[4/134] OK  rq1                seed=2024  cost/d=    16,763  viol=  99.3%  fcsd=0.602  (1451s)
[5/134] OK  rq1                seed=123  cost/d=    17,782  viol=  80.8%  fcsd=0.643  (1460s)
[6/134] OK  rq1                seed=123  cost/d=     6,063  viol=  98.4%  fcsd=0.793  (1479s)
[7/134] OK  rq1                seed=2024  cost/d=     7,757  viol=  98.4%  fcsd=0.793  (1418s)
[8/134] OK  rq1                seed=789  cost/d=     4,819  viol=  98.2%  fcsd=0.793  (1427s)
[9/134] OK  rq1                seed=456  cost/d=     6,292  viol=  99.1%  fcsd=0.785  (1435s)
[10/134] OK  rq1                seed=42  cost/d=    17,073  viol=  97.6%  fcsd=0.781  (1439s)
[11/134] OK  rq1                seed=123  cost/d=    13,634  viol=  96.9%  fcsd=0.795  (1440s)
[12/134] OK  rq1                seed=456  cost/d=    15,956  viol=  84.7%  fcsd=0.809  (1429s)
[13/134] OK  rq1                seed=123  cost/d=    10,466  viol=  99.3%  fcsd=0.600  (429s)
[14/134] OK  rq1                seed=456  cost/d=    10,378  viol=  99.3%  fcsd=0.619  (435s)
[15/134] OK  rq1                seed=789  cost/d=    13,172  viol=  73.2%  fcsd=0.702  (435s)
[16/134] OK  rq1                seed=42  cost/d=    36,647  viol=  99.3%  fcsd=0.541  (480s)
[17/134] OK  rq1                seed=2024  cost/d=    12,980  viol=  73.2%  fcsd=0.696  (421s)
[18/134] OK  rq1                seed=42  cost/d=    14,901  viol=  99.3%  fcsd=0.595  (430s)
[19/134] OK  rq1                seed=123  cost/d=    16,425  viol=  69.6%  fcsd=0.646  (427s)
[20/134] OK  rq1                seed=456  cost/d=    37,111  viol=  99.3%  fcsd=0.608  (490s)
[21/134] OK  rq1                seed=789  cost/d=    16,635  viol=  70.8%  fcsd=0.664  (457s)
[22/134] OK  rq1                seed=42  cost/d=     3,781  viol=  99.1%  fcsd=0.791  (437s)
[23/134] OK  rq1                seed=2024  cost/d=    17,106  viol=  73.2%  fcsd=0.659  (455s)
[24/134] OK  rq1                seed=789  cost/d=    13,346  viol=  98.2%  fcsd=0.793  (1374s)
[25/134] OK  rq1                seed=2024  cost/d=    11,419  viol=  98.1%  fcsd=0.659  (1371s)
[26/134] OK  rq1                seed=123  cost/d=     6,102  viol=  74.9%  fcsd=0.842  (432s)
[27/134] OK  rq1                seed=456  cost/d=     4,324  viol=  98.7%  fcsd=0.792  (424s)
[28/134] OK  rq1                seed=789  cost/d=     5,932  viol=  99.0%  fcsd=0.792  (420s)
[29/134] OK  rq1                seed=2024  cost/d=     4,256  viol=  98.8%  fcsd=0.792  (410s)
[30/134] OK  rq1                seed=123  cost/d=    14,354  viol=  79.2%  fcsd=0.832  (409s)
[31/134] OK  rq1                seed=42  cost/d=    12,105  viol=  99.0%  fcsd=0.792  (415s)
[32/134] OK  rq1                seed=456  cost/d=    12,104  viol=  99.0%  fcsd=0.792  (420s)
[33/134] OK  rq1                seed=789  cost/d=    17,334  viol=  17.3%  fcsd=0.963  (423s)
[34/134] OK  rq1                seed=2024  cost/d=    10,841  viol=  99.1%  fcsd=0.790  (422s)
[35/134] OK  rq1                seed=123  cost/d=    20,318  viol=   0.0%  fcsd=1.000  (476s)
[36/134] OK  rq1                seed=42  cost/d=    24,372  viol=  27.2%  fcsd=0.899  (502s)
[37/134] OK  rq1                seed=456  cost/d=    23,573  viol=   0.0%  fcsd=1.000  (491s)
[38/134] OK  rq1                seed=789  cost/d=    18,761  viol=   0.0%  fcsd=1.000  (494s)
[39/134] OK  rq1                seed=2024  cost/d=    19,037  viol=   0.0%  fcsd=1.000  (473s)
[40/134] OK  rq1                seed=42  cost/d=    29,732  viol=   0.0%  fcsd=0.999  (504s)
[41/134] OK  rq1                seed=123  cost/d=    40,409  viol=   0.0%  fcsd=1.000  (482s)
[42/134] OK  rq1                seed=456  cost/d=    36,696  viol=   0.0%  fcsd=1.000  (496s)
[43/134] OK  rq1                seed=789  cost/d=    59,078  viol=  32.4%  fcsd=0.879  (500s)
[44/134] OK  rq1                seed=2024  cost/d=    38,940  viol=   0.0%  fcsd=1.000  (478s)
[45/134] OK  rq1                seed=42  cost/d=     6,922  viol=  88.7%  fcsd=0.615  (500s)
[46/134] OK  rq1                seed=123  cost/d=     9,999  viol=  67.1%  fcsd=0.859  (477s)
[47/134] OK  rq1                seed=456  cost/d=     7,653  viol=  56.7%  fcsd=0.881  (478s)
[48/134] OK  rq1                seed=789  cost/d=     7,175  viol=  71.9%  fcsd=0.848  (484s)
[49/134] OK  rq1                seed=2024  cost/d=     8,353  viol=  56.5%  fcsd=0.881  (481s)
[50/134] OK  rq1                seed=42  cost/d=    17,202  viol=  43.6%  fcsd=0.898  (484s)
[51/134] OK  rq1                seed=123  cost/d=    16,640  viol=  19.6%  fcsd=0.958  (480s)
[52/134] OK  rq1                seed=456  cost/d=    17,521  viol=  21.0%  fcsd=0.955  (490s)
[53/134] OK  rq1                seed=789  cost/d=    16,855  viol=  23.8%  fcsd=0.950  (484s)
[54/134] OK  rq1                seed=2024  cost/d=    15,196  viol=  96.3%  fcsd=0.797  (478s)
[55/134] OK  rq1                seed=42  cost/d=    15,593  viol=   0.0%  fcsd=1.000  (488s)
[56/134] OK  rq1                seed=123  cost/d=    15,817  viol=   0.0%  fcsd=0.998  (490s)
[57/134] OK  rq1                seed=456  cost/d=    15,666  viol=   0.0%  fcsd=1.000  (693s)
[58/134] OK  rq1                seed=789  cost/d=    15,252  viol=   0.0%  fcsd=1.000  (715s)
[59/134] OK  rq1                seed=2024  cost/d=    16,710  viol=   0.0%  fcsd=1.000  (744s)
[60/134] OK  rq1                seed=42  cost/d=    29,812  viol=   0.0%  fcsd=0.999  (760s)
[61/134] OK  rq1                seed=123  cost/d=    27,233  viol=   0.0%  fcsd=0.998  (782s)
[62/134] OK  rq1                seed=456  cost/d=    29,694  viol=   0.0%  fcsd=1.000  (800s)
[63/134] OK  rq1                seed=789  cost/d=    28,201  viol=   0.0%  fcsd=0.999  (1541s)
[64/134] OK  rq1                seed=2024  cost/d=    31,360  viol=   0.0%  fcsd=1.000  (1531s)
[65/134] OK  rq1                seed=42  cost/d=    10,726  viol=  66.1%  fcsd=0.861  (1529s)
[66/134] OK  rq1                seed=123  cost/d=    11,327  viol=   0.0%  fcsd=1.000  (1527s)
[67/134] OK  rq1                seed=456  cost/d=    10,718  viol=  17.1%  fcsd=0.964  (1538s)
[68/134] OK  rq1                seed=789  cost/d=    11,359  viol=   0.0%  fcsd=1.000  (1536s)
[69/134] OK  rq1                seed=2024  cost/d=    13,938  viol=  99.0%  fcsd=0.787  (821s)
[70/134] OK  rq1                seed=42  cost/d=    17,190  viol=   0.0%  fcsd=1.000  (830s)
[71/134] OK  rq1                seed=123  cost/d=    18,260  viol=   0.0%  fcsd=1.000  (837s)
[72/134] OK  rq1                seed=456  cost/d=    17,502  viol=   0.0%  fcsd=1.000  (842s)
[73/134] OK  rq1                seed=789  cost/d=    17,785  viol=   0.0%  fcsd=1.000  (847s)
[74/134] OK  rq1                seed=2024  cost/d=    17,424  viol=   0.3%  fcsd=0.999  (857s)
[75/134] OK  rq1                seed=42  cost/d=    40,946  viol=   0.0%  fcsd=0.998  (2308s)
[76/134] OK  rq1                seed=123  cost/d=    29,626  viol=   0.0%  fcsd=0.974  (2316s)
[77/134] OK  rq1                seed=456  cost/d=    39,182  viol=   0.0%  fcsd=0.988  (2338s)
[78/134] OK  rq1                seed=789  cost/d=    21,968  viol=   0.0%  fcsd=0.997  (2333s)
[79/134] OK  rq1                seed=2024  cost/d=    31,916  viol=   0.0%  fcsd=1.000  (2343s)
[80/134] OK  rq1                seed=42  cost/d=    36,558  viol=   0.0%  fcsd=0.985  (2337s)
[81/134] OK  rq1                seed=123  cost/d=    32,657  viol=   0.0%  fcsd=0.973  (2362s)
[82/134] OK  rq1                seed=456  cost/d=    37,817  viol=   0.0%  fcsd=0.933  (2381s)
[83/134] OK  rq1                seed=789  cost/d=    30,025  viol=   0.0%  fcsd=0.937  (2368s)
[84/134] OK  rq1                seed=2024  cost/d=    37,421  viol=   0.0%  fcsd=0.968  (2379s)
[85/134] OK  rq1                seed=42  cost/d=     4,970  viol=  39.7%  fcsd=0.875  (2381s)
[86/134] OK  rq1                seed=123  cost/d=     4,235  viol=  61.2%  fcsd=0.806  (2387s)
[87/134] OK  rq1                seed=456  cost/d=     7,205  viol=  29.2%  fcsd=0.908  (2432s)
[88/134] OK  rq1                seed=789  cost/d=     4,383  viol=  62.2%  fcsd=0.789  (2460s)
[89/134] OK  rq1                seed=2024  cost/d=     5,698  viol=  54.0%  fcsd=0.828  (2448s)
[90/134] OK  rq1                seed=42  cost/d=    15,949  viol=  12.1%  fcsd=0.959  (2455s)
[91/134] OK  rq1                seed=123  cost/d=    10,332  viol=  71.7%  fcsd=0.775  (2461s)
[92/134] OK  rq1                seed=456  cost/d=     9,514  viol=  74.1%  fcsd=0.768  (2460s)
[93/134] OK  rq1                seed=789  cost/d=    16,574  viol=   0.4%  fcsd=0.997  (2441s)
[94/134] OK  rq1                seed=2024  cost/d=    13,918  viol=  14.6%  fcsd=0.953  (2444s)
[95/134] OK  rq1                seed=42  cost/d=    16,194  viol=   0.0%  fcsd=0.920  (2688s)
[96/134] OK  rq1                seed=123  cost/d=    14,935  viol=   0.0%  fcsd=0.937  (2683s)
[97/134] OK  rq1                seed=456  cost/d=    13,928  viol=   0.0%  fcsd=0.938  (2678s)
[98/134] OK  rq1                seed=789  cost/d=    13,930  viol=   0.0%  fcsd=0.948  (2680s)
[99/134] OK  rq1                seed=2024  cost/d=    16,274  viol=   0.0%  fcsd=0.922  (2656s)
[100/134] OK  rq1                seed=42  cost/d=    23,134  viol=   0.0%  fcsd=0.883  (2656s)
[101/134] OK  rq1                seed=123  cost/d=    22,203  viol=   0.0%  fcsd=0.908  (2665s)
[102/134] OK  rq1                seed=456  cost/d=    32,153  viol=   0.0%  fcsd=0.846  (2661s)
[103/134] OK  rq1                seed=789  cost/d=    23,769  viol=   0.0%  fcsd=0.904  (2647s)
[104/134] OK  rq1                seed=2024  cost/d=    21,760  viol=   0.0%  fcsd=0.914  (2653s)
[105/134] OK  rq1                seed=42  cost/d=     9,030  viol=   3.0%  fcsd=0.984  (3010s)
[106/134] OK  rq1                seed=123  cost/d=     9,605  viol=   0.9%  fcsd=0.993  (2995s)
[107/134] OK  rq1                seed=456  cost/d=    10,419  viol=   1.8%  fcsd=0.989  (2987s)
[108/134] OK  rq1                seed=789  cost/d=     8,219  viol=   2.7%  fcsd=0.986  (2995s)
[109/134] OK  rq1                seed=2024  cost/d=     9,369  viol=   6.2%  fcsd=0.976  (2988s)
[110/134] OK  rq1                seed=42  cost/d=    13,867  viol=   0.3%  fcsd=0.992  (2999s)
[111/134] OK  rq1                seed=123  cost/d=    14,999  viol=   0.3%  fcsd=0.992  (3036s)
[112/134] OK  rq1                seed=456  cost/d=    14,534  viol=   0.3%  fcsd=0.992  (3025s)
[113/134] OK  rq1                seed=789  cost/d=    15,785  viol=   2.4%  fcsd=0.984  (3050s)
[114/134] OK  rq1                seed=2024  cost/d=    15,418  viol=   2.8%  fcsd=0.985  (3057s)
[115/134] OK  rq1                seed=42  cost/d=    15,305  viol=   0.0%  fcsd=0.955  (4136s)
[116/134] OK  rq1                seed=123  cost/d=    14,048  viol=   0.0%  fcsd=0.942  (4135s)
[117/134] OK  rq1                seed=456  cost/d=    16,005  viol=   0.0%  fcsd=0.937  (4268s)
[118/134] OK  rq1                seed=789  cost/d=    14,194  viol=   0.0%  fcsd=0.943  (4273s)
[119/134] OK  rq1                seed=2024  cost/d=    15,432  viol=   0.0%  fcsd=0.924  (4266s)
[120/134] OK  rq1                seed=42  cost/d=    24,001  viol=   0.0%  fcsd=0.892  (4279s)
[121/134] OK  rq1                seed=123  cost/d=    23,792  viol=   0.0%  fcsd=0.914  (4275s)
[122/134] OK  rq1                seed=456  cost/d=    24,932  viol=   0.0%  fcsd=0.889  (4273s)
[123/134] OK  rq1                seed=789  cost/d=    23,569  viol=   0.0%  fcsd=0.895  (4245s)
[124/134] OK  rq1                seed=2024  cost/d=    20,917  viol=   0.0%  fcsd=0.912  (4240s)
[125/134] OK  rq1                seed=42  cost/d=     8,957  viol=   3.3%  fcsd=0.983  (4638s)
[126/134] OK  rq1                seed=123  cost/d=    10,415  viol=   2.1%  fcsd=0.987  (4619s)
[127/134] OK  rq1                seed=456  cost/d=     9,074  viol=   2.5%  fcsd=0.984  (7692s)
[128/134] OK  rq1                seed=789  cost/d=     9,416  viol=   3.7%  fcsd=0.981  (7649s)
[129/134] OK  rq1                seed=2024  cost/d=     9,610  viol=   2.4%  fcsd=0.987  (6438s)
[130/134] OK  rq1                seed=42  cost/d=    13,835  viol=   0.3%  fcsd=0.993  (7593s)
[131/134] OK  rq1                seed=456  cost/d=    14,508  viol=   0.6%  fcsd=0.993  (7074s)
[132/134] OK  rq1                seed=123  cost/d=    13,983  viol=   0.4%  fcsd=0.992  (7143s)
[133/134] OK  rq1                seed=789  cost/d=    18,681  viol=   0.4%  fcsd=0.997  (3273s)
[134/134] OK  rq1                seed=2024  cost/d=    13,619  viol=   1.3%  fcsd=0.989  (3280s)
concurrent.futures.process._RemoteTraceback: 
"""
Traceback (most recent call last):
  File "D:\ProgramData\Anaconda3\lib\concurrent\futures\process.py", line 246, in _process_worker
    r = call_item.fn(*call_item.args, **call_item.kwargs)
  File "E:\研究\saferl\run\run_all_parallel.py", line 313, in run_job
    import torch
ModuleNotFoundError: No module named 'torch'
"""

The above exception was the direct cause of the following exception:

Traceback (most recent call last):
  File "E:\研究\saferl\run\run_all_parallel.py", line 455, in main
    res = fut.result()
  File "D:\ProgramData\Anaconda3\lib\concurrent\futures\_base.py", line 439, in result
    return self.__get_result()
  File "D:\ProgramData\Anaconda3\lib\concurrent\futures\_base.py", line 391, in __get_result
    raise self._exception
ModuleNotFoundError: No module named 'torch'

[1/210] FAIL rq2 seed=42: No module named 'torch'
concurrent.futures.process._RemoteTraceback: 
"""
Traceback (most recent call last):
  File "D:\ProgramData\Anaconda3\lib\concurrent\futures\process.py", line 246, in _process_worker
    r = call_item.fn(*call_item.args, **call_item.kwargs)
  File "E:\研究\saferl\run\run_all_parallel.py", line 313, in run_job
    import torch
ModuleNotFoundError: No module named 'torch'
"""

The above exception was the direct cause of the following exception:

Traceback (most recent call last):
  File "E:\研究\saferl\run\run_all_parallel.py", line 455, in main
    res = fut.result()
  File "D:\ProgramData\Anaconda3\lib\concurrent\futures\_base.py", line 439, in result
    return self.__get_result()
  File "D:\ProgramData\Anaconda3\lib\concurrent\futures\_base.py", line 391, in __get_result
    raise self._exception
ModuleNotFoundError: No module named 'torch'

[2/210] FAIL rq2 seed=123: No module named 'torch'
concurrent.futures.process._RemoteTraceback: 
"""
Traceback (most recent call last):
  File "D:\ProgramData\Anaconda3\lib\concurrent\futures\process.py", line 246, in _process_worker
    r = call_item.fn(*call_item.args, **call_item.kwargs)
  File "E:\研究\saferl\run\run_all_parallel.py", line 313, in run_job
    import torch
ModuleNotFoundError: No module named 'torch'
"""

The above exception was the direct cause of the following exception:

Traceback (most recent call last):
  File "E:\研究\saferl\run\run_all_parallel.py", line 455, in main
    res = fut.result()
  File "D:\ProgramData\Anaconda3\lib\concurrent\futures\_base.py", line 439, in result
    return self.__get_result()
  File "D:\ProgramData\Anaconda3\lib\concurrent\futures\_base.py", line 391, in __get_result
    raise self._exception
ModuleNotFoundError: No module named 'torch'

[3/210] FAIL rq2 seed=456: No module named 'torch'
concurrent.futures.process._RemoteTraceback: 
"""
Traceback (most recent call last):
  File "D:\ProgramData\Anaconda3\lib\concurrent\futures\process.py", line 246, in _process_worker
    r = call_item.fn(*call_item.args, **call_item.kwargs)
  File "E:\研究\saferl\run\run_all_parallel.py", line 313, in run_job
    import torch
ModuleNotFoundError: No module named 'torch'
"""

The above exception was the direct cause of the following exception:

Traceback (most recent call last):
  File "E:\研究\saferl\run\run_all_parallel.py", line 455, in main
    res = fut.result()
  File "D:\ProgramData\Anaconda3\lib\concurrent\futures\_base.py", line 439, in result
    return self.__get_result()
  File "D:\ProgramData\Anaconda3\lib\concurrent\futures\_base.py", line 391, in __get_result
    raise self._exception
ModuleNotFoundError: No module named 'torch'

[4/210] FAIL rq2 seed=789: No module named 'torch'
concurrent.futures.process._RemoteTraceback: 
"""
Traceback (most recent call last):
  File "D:\ProgramData\Anaconda3\lib\concurrent\futures\process.py", line 246, in _process_worker
    r = call_item.fn(*call_item.args, **call_item.kwargs)
  File "E:\研究\saferl\run\run_all_parallel.py", line 313, in run_job
    import torch
ModuleNotFoundError: No module named 'torch'
"""

The above exception was the direct cause of the following exception:

Traceback (most recent call last):
  File "E:\研究\saferl\run\run_all_parallel.py", line 455, in main
    res = fut.result()
  File "D:\ProgramData\Anaconda3\lib\concurrent\futures\_base.py", line 439, in result
    return self.__get_result()
  File "D:\ProgramData\Anaconda3\lib\concurrent\futures\_base.py", line 391, in __get_result
    raise self._exception
ModuleNotFoundError: No module named 'torch'

[5/210] FAIL rq2 seed=2024: No module named 'torch'
concurrent.futures.process._RemoteTraceback: 
"""
Traceback (most recent call last):
  File "D:\ProgramData\Anaconda3\lib\concurrent\futures\process.py", line 246, in _process_worker
    r = call_item.fn(*call_item.args, **call_item.kwargs)
  File "E:\研究\saferl\run\run_all_parallel.py", line 313, in run_job
    import torch
ModuleNotFoundError: No module named 'torch'
"""

The above exception was the direct cause of the following exception:

Traceback (most recent call last):
  File "E:\研究\saferl\run\run_all_parallel.py", line 455, in main
    res = fut.result()
  File "D:\ProgramData\Anaconda3\lib\concurrent\futures\_base.py", line 439, in result
    return self.__get_result()
  File "D:\ProgramData\Anaconda3\lib\concurrent\futures\_base.py", line 391, in __get_result
    raise self._exception
ModuleNotFoundError: No module named 'torch'

[6/210] FAIL rq2 seed=42: No module named 'torch'
concurrent.futures.process._RemoteTraceback: 
"""
Traceback (most recent call last):
  File "D:\ProgramData\Anaconda3\lib\concurrent\futures\process.py", line 246, in _process_worker
    r = call_item.fn(*call_item.args, **call_item.kwargs)
  File "E:\研究\saferl\run\run_all_parallel.py", line 313, in run_job
    import torch
ModuleNotFoundError: No module named 'torch'
"""

The above exception was the direct cause of the following exception:

Traceback (most recent call last):
  File "E:\研究\saferl\run\run_all_parallel.py", line 455, in main
    res = fut.result()
  File "D:\ProgramData\Anaconda3\lib\concurrent\futures\_base.py", line 439, in result
    return self.__get_result()
  File "D:\ProgramData\Anaconda3\lib\concurrent\futures\_base.py", line 391, in __get_result
    raise self._exception
ModuleNotFoundError: No module named 'torch'

[7/210] FAIL rq2 seed=123: No module named 'torch'
concurrent.futures.process._RemoteTraceback: 
"""
Traceback (most recent call last):
  File "D:\ProgramData\Anaconda3\lib\concurrent\futures\process.py", line 246, in _process_worker
    r = call_item.fn(*call_item.args, **call_item.kwargs)
  File "E:\研究\saferl\run\run_all_parallel.py", line 313, in run_job
    import torch
ModuleNotFoundError: No module named 'torch'
"""

The above exception was the direct cause of the following exception:

Traceback (most recent call last):
  File "E:\研究\saferl\run\run_all_parallel.py", line 455, in main
    res = fut.result()
  File "D:\ProgramData\Anaconda3\lib\concurrent\futures\_base.py", line 439, in result
    return self.__get_result()
  File "D:\ProgramData\Anaconda3\lib\concurrent\futures\_base.py", line 391, in __get_result
    raise self._exception
ModuleNotFoundError: No module named 'torch'

[8/210] FAIL rq2 seed=789: No module named 'torch'
concurrent.futures.process._RemoteTraceback: 
"""
Traceback (most recent call last):
  File "D:\ProgramData\Anaconda3\lib\concurrent\futures\process.py", line 246, in _process_worker
    r = call_item.fn(*call_item.args, **call_item.kwargs)
  File "E:\研究\saferl\run\run_all_parallel.py", line 313, in run_job
    import torch
ModuleNotFoundError: No module named 'torch'
"""

The above exception was the direct cause of the following exception:

Traceback (most recent call last):
  File "E:\研究\saferl\run\run_all_parallel.py", line 455, in main
    res = fut.result()
  File "D:\ProgramData\Anaconda3\lib\concurrent\futures\_base.py", line 439, in result
    return self.__get_result()
  File "D:\ProgramData\Anaconda3\lib\concurrent\futures\_base.py", line 391, in __get_result
    raise self._exception
ModuleNotFoundError: No module named 'torch'

[9/210] FAIL rq2 seed=456: No module named 'torch'
concurrent.futures.process._RemoteTraceback: 
"""
Traceback (most recent call last):
  File "D:\ProgramData\Anaconda3\lib\concurrent\futures\process.py", line 246, in _process_worker
    r = call_item.fn(*call_item.args, **call_item.kwargs)
  File "E:\研究\saferl\run\run_all_parallel.py", line 313, in run_job
    import torch
ModuleNotFoundError: No module named 'torch'
"""

The above exception was the direct cause of the following exception:

Traceback (most recent call last):
  File "E:\研究\saferl\run\run_all_parallel.py", line 455, in main
    res = fut.result()
  File "D:\ProgramData\Anaconda3\lib\concurrent\futures\_base.py", line 439, in result
    return self.__get_result()
  File "D:\ProgramData\Anaconda3\lib\concurrent\futures\_base.py", line 391, in __get_result
    raise self._exception
ModuleNotFoundError: No module named 'torch'

[10/210] FAIL rq2 seed=2024: No module named 'torch'
concurrent.futures.process._RemoteTraceback: 
"""
Traceback (most recent call last):
  File "D:\ProgramData\Anaconda3\lib\concurrent\futures\process.py", line 246, in _process_worker
    r = call_item.fn(*call_item.args, **call_item.kwargs)
  File "E:\研究\saferl\run\run_all_parallel.py", line 313, in run_job
    import torch
ModuleNotFoundError: No module named 'torch'
"""

The above exception was the direct cause of the following exception:

Traceback (most recent call last):
  File "E:\研究\saferl\run\run_all_parallel.py", line 455, in main
    res = fut.result()
  File "D:\ProgramData\Anaconda3\lib\concurrent\futures\_base.py", line 439, in result
    return self.__get_result()
  File "D:\ProgramData\Anaconda3\lib\concurrent\futures\_base.py", line 391, in __get_result
    raise self._exception
ModuleNotFoundError: No module named 'torch'

[11/210] FAIL rq2 seed=123: No module named 'torch'
concurrent.futures.process._RemoteTraceback: 
"""
Traceback (most recent call last):
  File "D:\ProgramData\Anaconda3\lib\concurrent\futures\process.py", line 246, in _process_worker
    r = call_item.fn(*call_item.args, **call_item.kwargs)
  File "E:\研究\saferl\run\run_all_parallel.py", line 313, in run_job
    import torch
ModuleNotFoundError: No module named 'torch'
"""

The above exception was the direct cause of the following exception:

Traceback (most recent call last):
  File "E:\研究\saferl\run\run_all_parallel.py", line 455, in main
    res = fut.result()
  File "D:\ProgramData\Anaconda3\lib\concurrent\futures\_base.py", line 439, in result
    return self.__get_result()
  File "D:\ProgramData\Anaconda3\lib\concurrent\futures\_base.py", line 391, in __get_result
    raise self._exception
ModuleNotFoundError: No module named 'torch'

[12/210] FAIL rq2 seed=42: No module named 'torch'
concurrent.futures.process._RemoteTraceback: 
"""
Traceback (most recent call last):
  File "D:\ProgramData\Anaconda3\lib\concurrent\futures\process.py", line 246, in _process_worker
    r = call_item.fn(*call_item.args, **call_item.kwargs)
  File "E:\研究\saferl\run\run_all_parallel.py", line 313, in run_job
    import torch
ModuleNotFoundError: No module named 'torch'
"""

The above exception was the direct cause of the following exception:

Traceback (most recent call last):
  File "E:\研究\saferl\run\run_all_parallel.py", line 455, in main
    res = fut.result()
  File "D:\ProgramData\Anaconda3\lib\concurrent\futures\_base.py", line 439, in result
    return self.__get_result()
  File "D:\ProgramData\Anaconda3\lib\concurrent\futures\_base.py", line 391, in __get_result
    raise self._exception
ModuleNotFoundError: No module named 'torch'

[13/210] FAIL rq2 seed=456: No module named 'torch'
concurrent.futures.process._RemoteTraceback: 
"""
Traceback (most recent call last):
  File "D:\ProgramData\Anaconda3\lib\concurrent\futures\process.py", line 246, in _process_worker
    r = call_item.fn(*call_item.args, **call_item.kwargs)
  File "E:\研究\saferl\run\run_all_parallel.py", line 313, in run_job
    import torch
ModuleNotFoundError: No module named 'torch'
"""

The above exception was the direct cause of the following exception:

Traceback (most recent call last):
  File "E:\研究\saferl\run\run_all_parallel.py", line 455, in main
    res = fut.result()
  File "D:\ProgramData\Anaconda3\lib\concurrent\futures\_base.py", line 439, in result
    return self.__get_result()
  File "D:\ProgramData\Anaconda3\lib\concurrent\futures\_base.py", line 391, in __get_result
    raise self._exception
ModuleNotFoundError: No module named 'torch'

[14/210] FAIL rq2 seed=789: No module named 'torch'
concurrent.futures.process._RemoteTraceback: 
"""
Traceback (most recent call last):
  File "D:\ProgramData\Anaconda3\lib\concurrent\futures\process.py", line 246, in _process_worker
    r = call_item.fn(*call_item.args, **call_item.kwargs)
  File "E:\研究\saferl\run\run_all_parallel.py", line 313, in run_job
    import torch
ModuleNotFoundError: No module named 'torch'
"""

The above exception was the direct cause of the following exception:

Traceback (most recent call last):
  File "E:\研究\saferl\run\run_all_parallel.py", line 455, in main
    res = fut.result()
  File "D:\ProgramData\Anaconda3\lib\concurrent\futures\_base.py", line 439, in result
    return self.__get_result()
  File "D:\ProgramData\Anaconda3\lib\concurrent\futures\_base.py", line 391, in __get_result
    raise self._exception
ModuleNotFoundError: No module named 'torch'

[15/210] FAIL rq2 seed=2024: No module named 'torch'
concurrent.futures.process._RemoteTraceback: 
"""
Traceback (most recent call last):
  File "D:\ProgramData\Anaconda3\lib\concurrent\futures\process.py", line 246, in _process_worker
    r = call_item.fn(*call_item.args, **call_item.kwargs)
  File "E:\研究\saferl\run\run_all_parallel.py", line 313, in run_job
    import torch
ModuleNotFoundError: No module named 'torch'
"""

The above exception was the direct cause of the following exception:

Traceback (most recent call last):
  File "E:\研究\saferl\run\run_all_parallel.py", line 455, in main
    res = fut.result()
  File "D:\ProgramData\Anaconda3\lib\concurrent\futures\_base.py", line 439, in result
    return self.__get_result()
  File "D:\ProgramData\Anaconda3\lib\concurrent\futures\_base.py", line 391, in __get_result
    raise self._exception
ModuleNotFoundError: No module named 'torch'

[16/210] FAIL rq2 seed=42: No module named 'torch'
concurrent.futures.process._RemoteTraceback: 
"""
Traceback (most recent call last):
  File "D:\ProgramData\Anaconda3\lib\concurrent\futures\process.py", line 246, in _process_worker
    r = call_item.fn(*call_item.args, **call_item.kwargs)
  File "E:\研究\saferl\run\run_all_parallel.py", line 313, in run_job
    import torch
ModuleNotFoundError: No module named 'torch'
"""

The above exception was the direct cause of the following exception:

Traceback (most recent call last):
  File "E:\研究\saferl\run\run_all_parallel.py", line 455, in main
    res = fut.result()
  File "D:\ProgramData\Anaconda3\lib\concurrent\futures\_base.py", line 439, in result
    return self.__get_result()
  File "D:\ProgramData\Anaconda3\lib\concurrent\futures\_base.py", line 391, in __get_result
    raise self._exception
ModuleNotFoundError: No module named 'torch'

[17/210] FAIL rq2 seed=123: No module named 'torch'
concurrent.futures.process._RemoteTraceback: 
"""
Traceback (most recent call last):
  File "D:\ProgramData\Anaconda3\lib\concurrent\futures\process.py", line 246, in _process_worker
    r = call_item.fn(*call_item.args, **call_item.kwargs)
  File "E:\研究\saferl\run\run_all_parallel.py", line 313, in run_job
    import torch
ModuleNotFoundError: No module named 'torch'
"""

The above exception was the direct cause of the following exception:

Traceback (most recent call last):
  File "E:\研究\saferl\run\run_all_parallel.py", line 455, in main
    res = fut.result()
  File "D:\ProgramData\Anaconda3\lib\concurrent\futures\_base.py", line 439, in result
    return self.__get_result()
  File "D:\ProgramData\Anaconda3\lib\concurrent\futures\_base.py", line 391, in __get_result
    raise self._exception
ModuleNotFoundError: No module named 'torch'

[18/210] FAIL rq2 seed=456: No module named 'torch'
concurrent.futures.process._RemoteTraceback: 
"""
Traceback (most recent call last):
  File "D:\ProgramData\Anaconda3\lib\concurrent\futures\process.py", line 246, in _process_worker
    r = call_item.fn(*call_item.args, **call_item.kwargs)
  File "E:\研究\saferl\run\run_all_parallel.py", line 313, in run_job
    import torch
ModuleNotFoundError: No module named 'torch'
"""

The above exception was the direct cause of the following exception:

Traceback (most recent call last):
  File "E:\研究\saferl\run\run_all_parallel.py", line 455, in main
    res = fut.result()
  File "D:\ProgramData\Anaconda3\lib\concurrent\futures\_base.py", line 439, in result
    return self.__get_result()
  File "D:\ProgramData\Anaconda3\lib\concurrent\futures\_base.py", line 391, in __get_result
    raise self._exception
ModuleNotFoundError: No module named 'torch'

[19/210] FAIL rq2 seed=789: No module named 'torch'
concurrent.futures.process._RemoteTraceback: 
"""
Traceback (most recent call last):
  File "D:\ProgramData\Anaconda3\lib\concurrent\futures\process.py", line 246, in _process_worker
    r = call_item.fn(*call_item.args, **call_item.kwargs)
  File "E:\研究\saferl\run\run_all_parallel.py", line 313, in run_job
    import torch
ModuleNotFoundError: No module named 'torch'
"""

The above exception was the direct cause of the following exception:

Traceback (most recent call last):
  File "E:\研究\saferl\run\run_all_parallel.py", line 455, in main
    res = fut.result()
  File "D:\ProgramData\Anaconda3\lib\concurrent\futures\_base.py", line 439, in result
    return self.__get_result()
  File "D:\ProgramData\Anaconda3\lib\concurrent\futures\_base.py", line 391, in __get_result
    raise self._exception
ModuleNotFoundError: No module named 'torch'

[20/210] FAIL rq2 seed=2024: No module named 'torch'
concurrent.futures.process._RemoteTraceback: 
"""
Traceback (most recent call last):
  File "D:\ProgramData\Anaconda3\lib\concurrent\futures\process.py", line 246, in _process_worker
    r = call_item.fn(*call_item.args, **call_item.kwargs)
  File "E:\研究\saferl\run\run_all_parallel.py", line 313, in run_job
    import torch
ModuleNotFoundError: No module named 'torch'
"""

The above exception was the direct cause of the following exception:

Traceback (most recent call last):
  File "E:\研究\saferl\run\run_all_parallel.py", line 455, in main
    res = fut.result()
  File "D:\ProgramData\Anaconda3\lib\concurrent\futures\_base.py", line 439, in result
    return self.__get_result()
  File "D:\ProgramData\Anaconda3\lib\concurrent\futures\_base.py", line 391, in __get_result
    raise self._exception
ModuleNotFoundError: No module named 'torch'

[21/210] FAIL rq2 seed=123: No module named 'torch'
concurrent.futures.process._RemoteTraceback: 
"""
Traceback (most recent call last):
  File "D:\ProgramData\Anaconda3\lib\concurrent\futures\process.py", line 246, in _process_worker
    r = call_item.fn(*call_item.args, **call_item.kwargs)
  File "E:\研究\saferl\run\run_all_parallel.py", line 313, in run_job
    import torch
ModuleNotFoundError: No module named 'torch'
"""

The above exception was the direct cause of the following exception:

Traceback (most recent call last):
  File "E:\研究\saferl\run\run_all_parallel.py", line 455, in main
    res = fut.result()
  File "D:\ProgramData\Anaconda3\lib\concurrent\futures\_base.py", line 439, in result
    return self.__get_result()
  File "D:\ProgramData\Anaconda3\lib\concurrent\futures\_base.py", line 391, in __get_result
    raise self._exception
ModuleNotFoundError: No module named 'torch'

[22/210] FAIL rq2 seed=456: No module named 'torch'
concurrent.futures.process._RemoteTraceback: 
"""
Traceback (most recent call last):
  File "D:\ProgramData\Anaconda3\lib\concurrent\futures\process.py", line 246, in _process_worker
    r = call_item.fn(*call_item.args, **call_item.kwargs)
  File "E:\研究\saferl\run\run_all_parallel.py", line 313, in run_job
    import torch
ModuleNotFoundError: No module named 'torch'
"""

The above exception was the direct cause of the following exception:

Traceback (most recent call last):
  File "E:\研究\saferl\run\run_all_parallel.py", line 455, in main
    res = fut.result()
  File "D:\ProgramData\Anaconda3\lib\concurrent\futures\_base.py", line 439, in result
    return self.__get_result()
  File "D:\ProgramData\Anaconda3\lib\concurrent\futures\_base.py", line 391, in __get_result
    raise self._exception
ModuleNotFoundError: No module named 'torch'

[23/210] FAIL rq2 seed=789: No module named 'torch'
concurrent.futures.process._RemoteTraceback: 
"""
Traceback (most recent call last):
  File "D:\ProgramData\Anaconda3\lib\concurrent\futures\process.py", line 246, in _process_worker
    r = call_item.fn(*call_item.args, **call_item.kwargs)
  File "E:\研究\saferl\run\run_all_parallel.py", line 313, in run_job
    import torch
ModuleNotFoundError: No module named 'torch'
"""

The above exception was the direct cause of the following exception:

Traceback (most recent call last):
  File "E:\研究\saferl\run\run_all_parallel.py", line 455, in main
    res = fut.result()
  File "D:\ProgramData\Anaconda3\lib\concurrent\futures\_base.py", line 439, in result
    return self.__get_result()
  File "D:\ProgramData\Anaconda3\lib\concurrent\futures\_base.py", line 391, in __get_result
    raise self._exception
ModuleNotFoundError: No module named 'torch'

[24/210] FAIL rq2 seed=42: No module named 'torch'
concurrent.futures.process._RemoteTraceback: 
"""
Traceback (most recent call last):
  File "D:\ProgramData\Anaconda3\lib\concurrent\futures\process.py", line 246, in _process_worker
    r = call_item.fn(*call_item.args, **call_item.kwargs)
  File "E:\研究\saferl\run\run_all_parallel.py", line 313, in run_job
    import torch
ModuleNotFoundError: No module named 'torch'
"""

The above exception was the direct cause of the following exception:

Traceback (most recent call last):
  File "E:\研究\saferl\run\run_all_parallel.py", line 455, in main
    res = fut.result()
  File "D:\ProgramData\Anaconda3\lib\concurrent\futures\_base.py", line 439, in result
    return self.__get_result()
  File "D:\ProgramData\Anaconda3\lib\concurrent\futures\_base.py", line 391, in __get_result
    raise self._exception
ModuleNotFoundError: No module named 'torch'

[25/210] FAIL rq2 seed=42: No module named 'torch'
concurrent.futures.process._RemoteTraceback: 
"""
Traceback (most recent call last):
  File "D:\ProgramData\Anaconda3\lib\concurrent\futures\process.py", line 246, in _process_worker
    r = call_item.fn(*call_item.args, **call_item.kwargs)
  File "E:\研究\saferl\run\run_all_parallel.py", line 313, in run_job
    import torch
ModuleNotFoundError: No module named 'torch'
"""

The above exception was the direct cause of the following exception:

Traceback (most recent call last):
  File "E:\研究\saferl\run\run_all_parallel.py", line 455, in main
    res = fut.result()
  File "D:\ProgramData\Anaconda3\lib\concurrent\futures\_base.py", line 439, in result
    return self.__get_result()
  File "D:\ProgramData\Anaconda3\lib\concurrent\futures\_base.py", line 391, in __get_result
    raise self._exception
ModuleNotFoundError: No module named 'torch'

[26/210] FAIL rq2 seed=2024: No module named 'torch'
concurrent.futures.process._RemoteTraceback: 
"""
Traceback (most recent call last):
  File "D:\ProgramData\Anaconda3\lib\concurrent\futures\process.py", line 246, in _process_worker
    r = call_item.fn(*call_item.args, **call_item.kwargs)
  File "E:\研究\saferl\run\run_all_parallel.py", line 313, in run_job
    import torch
ModuleNotFoundError: No module named 'torch'
"""

The above exception was the direct cause of the following exception:

Traceback (most recent call last):
  File "E:\研究\saferl\run\run_all_parallel.py", line 455, in main
    res = fut.result()
  File "D:\ProgramData\Anaconda3\lib\concurrent\futures\_base.py", line 439, in result
    return self.__get_result()
  File "D:\ProgramData\Anaconda3\lib\concurrent\futures\_base.py", line 391, in __get_result
    raise self._exception
ModuleNotFoundError: No module named 'torch'

[27/210] FAIL rq2 seed=123: No module named 'torch'
concurrent.futures.process._RemoteTraceback: 
"""
Traceback (most recent call last):
  File "D:\ProgramData\Anaconda3\lib\concurrent\futures\process.py", line 246, in _process_worker
    r = call_item.fn(*call_item.args, **call_item.kwargs)
  File "E:\研究\saferl\run\run_all_parallel.py", line 313, in run_job
    import torch
ModuleNotFoundError: No module named 'torch'
"""

The above exception was the direct cause of the following exception:

Traceback (most recent call last):
  File "E:\研究\saferl\run\run_all_parallel.py", line 455, in main
    res = fut.result()
  File "D:\ProgramData\Anaconda3\lib\concurrent\futures\_base.py", line 439, in result
    return self.__get_result()
  File "D:\ProgramData\Anaconda3\lib\concurrent\futures\_base.py", line 391, in __get_result
    raise self._exception
ModuleNotFoundError: No module named 'torch'

[28/210] FAIL rq2 seed=789: No module named 'torch'
concurrent.futures.process._RemoteTraceback: 
"""
Traceback (most recent call last):
  File "D:\ProgramData\Anaconda3\lib\concurrent\futures\process.py", line 246, in _process_worker
    r = call_item.fn(*call_item.args, **call_item.kwargs)
  File "E:\研究\saferl\run\run_all_parallel.py", line 313, in run_job
    import torch
ModuleNotFoundError: No module named 'torch'
"""

The above exception was the direct cause of the following exception:

Traceback (most recent call last):
  File "E:\研究\saferl\run\run_all_parallel.py", line 455, in main
    res = fut.result()
  File "D:\ProgramData\Anaconda3\lib\concurrent\futures\_base.py", line 439, in result
    return self.__get_result()
  File "D:\ProgramData\Anaconda3\lib\concurrent\futures\_base.py", line 391, in __get_result
    raise self._exception
ModuleNotFoundError: No module named 'torch'

[29/210] FAIL rq2 seed=2024: No module named 'torch'
concurrent.futures.process._RemoteTraceback: 
"""
Traceback (most recent call last):
  File "D:\ProgramData\Anaconda3\lib\concurrent\futures\process.py", line 246, in _process_worker
    r = call_item.fn(*call_item.args, **call_item.kwargs)
  File "E:\研究\saferl\run\run_all_parallel.py", line 313, in run_job
    import torch
ModuleNotFoundError: No module named 'torch'
"""

The above exception was the direct cause of the following exception:

Traceback (most recent call last):
  File "E:\研究\saferl\run\run_all_parallel.py", line 455, in main
    res = fut.result()
  File "D:\ProgramData\Anaconda3\lib\concurrent\futures\_base.py", line 439, in result
    return self.__get_result()
  File "D:\ProgramData\Anaconda3\lib\concurrent\futures\_base.py", line 391, in __get_result
    raise self._exception
ModuleNotFoundError: No module named 'torch'

[30/210] FAIL rq2 seed=456: No module named 'torch'
concurrent.futures.process._RemoteTraceback: 
"""
Traceback (most recent call last):
  File "D:\ProgramData\Anaconda3\lib\concurrent\futures\process.py", line 246, in _process_worker
    r = call_item.fn(*call_item.args, **call_item.kwargs)
  File "E:\研究\saferl\run\run_all_parallel.py", line 313, in run_job
    import torch
ModuleNotFoundError: No module named 'torch'
"""

The above exception was the direct cause of the following exception:

Traceback (most recent call last):
  File "E:\研究\saferl\run\run_all_parallel.py", line 455, in main
    res = fut.result()
  File "D:\ProgramData\Anaconda3\lib\concurrent\futures\_base.py", line 439, in result
    return self.__get_result()
  File "D:\ProgramData\Anaconda3\lib\concurrent\futures\_base.py", line 391, in __get_result
    raise self._exception
ModuleNotFoundError: No module named 'torch'

[31/210] FAIL rq2 seed=42: No module named 'torch'
concurrent.futures.process._RemoteTraceback: 
"""
Traceback (most recent call last):
  File "D:\ProgramData\Anaconda3\lib\concurrent\futures\process.py", line 246, in _process_worker
    r = call_item.fn(*call_item.args, **call_item.kwargs)
  File "E:\研究\saferl\run\run_all_parallel.py", line 313, in run_job
    import torch
ModuleNotFoundError: No module named 'torch'
"""

The above exception was the direct cause of the following exception:

Traceback (most recent call last):
  File "E:\研究\saferl\run\run_all_parallel.py", line 455, in main
    res = fut.result()
  File "D:\ProgramData\Anaconda3\lib\concurrent\futures\_base.py", line 439, in result
    return self.__get_result()
  File "D:\ProgramData\Anaconda3\lib\concurrent\futures\_base.py", line 391, in __get_result
    raise self._exception
ModuleNotFoundError: No module named 'torch'

[32/210] FAIL rq2 seed=123: No module named 'torch'
concurrent.futures.process._RemoteTraceback: 
"""
Traceback (most recent call last):
  File "D:\ProgramData\Anaconda3\lib\concurrent\futures\process.py", line 246, in _process_worker
    r = call_item.fn(*call_item.args, **call_item.kwargs)
  File "E:\研究\saferl\run\run_all_parallel.py", line 313, in run_job
    import torch
ModuleNotFoundError: No module named 'torch'
"""

The above exception was the direct cause of the following exception:

Traceback (most recent call last):
  File "E:\研究\saferl\run\run_all_parallel.py", line 455, in main
    res = fut.result()
  File "D:\ProgramData\Anaconda3\lib\concurrent\futures\_base.py", line 439, in result
    return self.__get_result()
  File "D:\ProgramData\Anaconda3\lib\concurrent\futures\_base.py", line 391, in __get_result
    raise self._exception
ModuleNotFoundError: No module named 'torch'

[33/210] FAIL rq2 seed=456: No module named 'torch'
concurrent.futures.process._RemoteTraceback: 
"""
Traceback (most recent call last):
  File "D:\ProgramData\Anaconda3\lib\concurrent\futures\process.py", line 246, in _process_worker
    r = call_item.fn(*call_item.args, **call_item.kwargs)
  File "E:\研究\saferl\run\run_all_parallel.py", line 313, in run_job
    import torch
ModuleNotFoundError: No module named 'torch'
"""

The above exception was the direct cause of the following exception:

Traceback (most recent call last):
  File "E:\研究\saferl\run\run_all_parallel.py", line 455, in main
    res = fut.result()
  File "D:\ProgramData\Anaconda3\lib\concurrent\futures\_base.py", line 439, in result
    return self.__get_result()
  File "D:\ProgramData\Anaconda3\lib\concurrent\futures\_base.py", line 391, in __get_result
    raise self._exception
ModuleNotFoundError: No module named 'torch'

[34/210] FAIL rq2 seed=789: No module named 'torch'
concurrent.futures.process._RemoteTraceback: 
"""
Traceback (most recent call last):
  File "D:\ProgramData\Anaconda3\lib\concurrent\futures\process.py", line 246, in _process_worker
    r = call_item.fn(*call_item.args, **call_item.kwargs)
  File "E:\研究\saferl\run\run_all_parallel.py", line 313, in run_job
    import torch
ModuleNotFoundError: No module named 'torch'
"""

The above exception was the direct cause of the following exception:

Traceback (most recent call last):
  File "E:\研究\saferl\run\run_all_parallel.py", line 455, in main
    res = fut.result()
  File "D:\ProgramData\Anaconda3\lib\concurrent\futures\_base.py", line 439, in result
    return self.__get_result()
  File "D:\ProgramData\Anaconda3\lib\concurrent\futures\_base.py", line 391, in __get_result
    raise self._exception
ModuleNotFoundError: No module named 'torch'

[35/210] FAIL rq2 seed=2024: No module named 'torch'
concurrent.futures.process._RemoteTraceback: 
"""
Traceback (most recent call last):
  File "D:\ProgramData\Anaconda3\lib\concurrent\futures\process.py", line 246, in _process_worker
    r = call_item.fn(*call_item.args, **call_item.kwargs)
  File "E:\研究\saferl\run\run_all_parallel.py", line 313, in run_job
    import torch
ModuleNotFoundError: No module named 'torch'
"""

The above exception was the direct cause of the following exception:

Traceback (most recent call last):
  File "E:\研究\saferl\run\run_all_parallel.py", line 455, in main
    res = fut.result()
  File "D:\ProgramData\Anaconda3\lib\concurrent\futures\_base.py", line 439, in result
    return self.__get_result()
  File "D:\ProgramData\Anaconda3\lib\concurrent\futures\_base.py", line 391, in __get_result
    raise self._exception
ModuleNotFoundError: No module named 'torch'

[36/210] FAIL rq2 seed=123: No module named 'torch'
concurrent.futures.process._RemoteTraceback: 
"""
Traceback (most recent call last):
  File "D:\ProgramData\Anaconda3\lib\concurrent\futures\process.py", line 246, in _process_worker
    r = call_item.fn(*call_item.args, **call_item.kwargs)
  File "E:\研究\saferl\run\run_all_parallel.py", line 313, in run_job
    import torch
ModuleNotFoundError: No module named 'torch'
"""

The above exception was the direct cause of the following exception:

Traceback (most recent call last):
  File "E:\研究\saferl\run\run_all_parallel.py", line 455, in main
    res = fut.result()
  File "D:\ProgramData\Anaconda3\lib\concurrent\futures\_base.py", line 439, in result
    return self.__get_result()
  File "D:\ProgramData\Anaconda3\lib\concurrent\futures\_base.py", line 391, in __get_result
    raise self._exception
ModuleNotFoundError: No module named 'torch'

[37/210] FAIL rq2 seed=456: No module named 'torch'
concurrent.futures.process._RemoteTraceback: 
"""
Traceback (most recent call last):
  File "D:\ProgramData\Anaconda3\lib\concurrent\futures\process.py", line 246, in _process_worker
    r = call_item.fn(*call_item.args, **call_item.kwargs)
  File "E:\研究\saferl\run\run_all_parallel.py", line 313, in run_job
    import torch
ModuleNotFoundError: No module named 'torch'
"""

The above exception was the direct cause of the following exception:

Traceback (most recent call last):
  File "E:\研究\saferl\run\run_all_parallel.py", line 455, in main
    res = fut.result()
  File "D:\ProgramData\Anaconda3\lib\concurrent\futures\_base.py", line 439, in result
    return self.__get_result()
  File "D:\ProgramData\Anaconda3\lib\concurrent\futures\_base.py", line 391, in __get_result
    raise self._exception
ModuleNotFoundError: No module named 'torch'

[38/210] FAIL rq2 seed=789: No module named 'torch'
concurrent.futures.process._RemoteTraceback: 
"""
Traceback (most recent call last):
  File "D:\ProgramData\Anaconda3\lib\concurrent\futures\process.py", line 246, in _process_worker
    r = call_item.fn(*call_item.args, **call_item.kwargs)
  File "E:\研究\saferl\run\run_all_parallel.py", line 313, in run_job
    import torch
ModuleNotFoundError: No module named 'torch'
"""

The above exception was the direct cause of the following exception:

Traceback (most recent call last):
  File "E:\研究\saferl\run\run_all_parallel.py", line 455, in main
    res = fut.result()
  File "D:\ProgramData\Anaconda3\lib\concurrent\futures\_base.py", line 439, in result
    return self.__get_result()
  File "D:\ProgramData\Anaconda3\lib\concurrent\futures\_base.py", line 391, in __get_result
    raise self._exception
ModuleNotFoundError: No module named 'torch'

[39/210] FAIL rq2 seed=42: No module named 'torch'
concurrent.futures.process._RemoteTraceback: 
"""
Traceback (most recent call last):
  File "D:\ProgramData\Anaconda3\lib\concurrent\futures\process.py", line 246, in _process_worker
    r = call_item.fn(*call_item.args, **call_item.kwargs)
  File "E:\研究\saferl\run\run_all_parallel.py", line 313, in run_job
    import torch
ModuleNotFoundError: No module named 'torch'
"""

The above exception was the direct cause of the following exception:

Traceback (most recent call last):
  File "E:\研究\saferl\run\run_all_parallel.py", line 455, in main
    res = fut.result()
  File "D:\ProgramData\Anaconda3\lib\concurrent\futures\_base.py", line 439, in result
    return self.__get_result()
  File "D:\ProgramData\Anaconda3\lib\concurrent\futures\_base.py", line 391, in __get_result
    raise self._exception
ModuleNotFoundError: No module named 'torch'

[40/210] FAIL rq2 seed=2024: No module named 'torch'
concurrent.futures.process._RemoteTraceback: 
"""
Traceback (most recent call last):
  File "D:\ProgramData\Anaconda3\lib\concurrent\futures\process.py", line 246, in _process_worker
    r = call_item.fn(*call_item.args, **call_item.kwargs)
  File "E:\研究\saferl\run\run_all_parallel.py", line 313, in run_job
    import torch
ModuleNotFoundError: No module named 'torch'
"""

The above exception was the direct cause of the following exception:

Traceback (most recent call last):
  File "E:\研究\saferl\run\run_all_parallel.py", line 455, in main
    res = fut.result()
  File "D:\ProgramData\Anaconda3\lib\concurrent\futures\_base.py", line 439, in result
    return self.__get_result()
  File "D:\ProgramData\Anaconda3\lib\concurrent\futures\_base.py", line 391, in __get_result
    raise self._exception
ModuleNotFoundError: No module named 'torch'

[41/210] FAIL rq2 seed=42: No module named 'torch'
concurrent.futures.process._RemoteTraceback: 
"""
Traceback (most recent call last):
  File "D:\ProgramData\Anaconda3\lib\concurrent\futures\process.py", line 246, in _process_worker
    r = call_item.fn(*call_item.args, **call_item.kwargs)
  File "E:\研究\saferl\run\run_all_parallel.py", line 313, in run_job
    import torch
ModuleNotFoundError: No module named 'torch'
"""

The above exception was the direct cause of the following exception:

Traceback (most recent call last):
  File "E:\研究\saferl\run\run_all_parallel.py", line 455, in main
    res = fut.result()
  File "D:\ProgramData\Anaconda3\lib\concurrent\futures\_base.py", line 439, in result
    return self.__get_result()
  File "D:\ProgramData\Anaconda3\lib\concurrent\futures\_base.py", line 391, in __get_result
    raise self._exception
ModuleNotFoundError: No module named 'torch'

[42/210] FAIL rq2 seed=123: No module named 'torch'
concurrent.futures.process._RemoteTraceback: 
"""
Traceback (most recent call last):
  File "D:\ProgramData\Anaconda3\lib\concurrent\futures\process.py", line 246, in _process_worker
    r = call_item.fn(*call_item.args, **call_item.kwargs)
  File "E:\研究\saferl\run\run_all_parallel.py", line 313, in run_job
    import torch
ModuleNotFoundError: No module named 'torch'
"""

The above exception was the direct cause of the following exception:

Traceback (most recent call last):
  File "E:\研究\saferl\run\run_all_parallel.py", line 455, in main
    res = fut.result()
  File "D:\ProgramData\Anaconda3\lib\concurrent\futures\_base.py", line 439, in result
    return self.__get_result()
  File "D:\ProgramData\Anaconda3\lib\concurrent\futures\_base.py", line 391, in __get_result
    raise self._exception
ModuleNotFoundError: No module named 'torch'

[43/210] FAIL rq2 seed=456: No module named 'torch'
concurrent.futures.process._RemoteTraceback: 
"""
Traceback (most recent call last):
  File "D:\ProgramData\Anaconda3\lib\concurrent\futures\process.py", line 246, in _process_worker
    r = call_item.fn(*call_item.args, **call_item.kwargs)
  File "E:\研究\saferl\run\run_all_parallel.py", line 313, in run_job
    import torch
ModuleNotFoundError: No module named 'torch'
"""

The above exception was the direct cause of the following exception:

Traceback (most recent call last):
  File "E:\研究\saferl\run\run_all_parallel.py", line 455, in main
    res = fut.result()
  File "D:\ProgramData\Anaconda3\lib\concurrent\futures\_base.py", line 439, in result
    return self.__get_result()
  File "D:\ProgramData\Anaconda3\lib\concurrent\futures\_base.py", line 391, in __get_result
    raise self._exception
ModuleNotFoundError: No module named 'torch'

[44/210] FAIL rq2 seed=789: No module named 'torch'
concurrent.futures.process._RemoteTraceback: 
"""
Traceback (most recent call last):
  File "D:\ProgramData\Anaconda3\lib\concurrent\futures\process.py", line 246, in _process_worker
    r = call_item.fn(*call_item.args, **call_item.kwargs)
  File "E:\研究\saferl\run\run_all_parallel.py", line 313, in run_job
    import torch
ModuleNotFoundError: No module named 'torch'
"""

The above exception was the direct cause of the following exception:

Traceback (most recent call last):
  File "E:\研究\saferl\run\run_all_parallel.py", line 455, in main
    res = fut.result()
  File "D:\ProgramData\Anaconda3\lib\concurrent\futures\_base.py", line 439, in result
    return self.__get_result()
  File "D:\ProgramData\Anaconda3\lib\concurrent\futures\_base.py", line 391, in __get_result
    raise self._exception
ModuleNotFoundError: No module named 'torch'

[45/210] FAIL rq2 seed=123: No module named 'torch'
concurrent.futures.process._RemoteTraceback: 
"""
Traceback (most recent call last):
  File "D:\ProgramData\Anaconda3\lib\concurrent\futures\process.py", line 246, in _process_worker
    r = call_item.fn(*call_item.args, **call_item.kwargs)
  File "E:\研究\saferl\run\run_all_parallel.py", line 313, in run_job
    import torch
ModuleNotFoundError: No module named 'torch'
"""

The above exception was the direct cause of the following exception:

Traceback (most recent call last):
  File "E:\研究\saferl\run\run_all_parallel.py", line 455, in main
    res = fut.result()
  File "D:\ProgramData\Anaconda3\lib\concurrent\futures\_base.py", line 439, in result
    return self.__get_result()
  File "D:\ProgramData\Anaconda3\lib\concurrent\futures\_base.py", line 391, in __get_result
    raise self._exception
ModuleNotFoundError: No module named 'torch'

[46/210] FAIL rq2 seed=2024: No module named 'torch'
concurrent.futures.process._RemoteTraceback: 
"""
Traceback (most recent call last):
  File "D:\ProgramData\Anaconda3\lib\concurrent\futures\process.py", line 246, in _process_worker
    r = call_item.fn(*call_item.args, **call_item.kwargs)
  File "E:\研究\saferl\run\run_all_parallel.py", line 313, in run_job
    import torch
ModuleNotFoundError: No module named 'torch'
"""

The above exception was the direct cause of the following exception:

Traceback (most recent call last):
  File "E:\研究\saferl\run\run_all_parallel.py", line 455, in main
    res = fut.result()
  File "D:\ProgramData\Anaconda3\lib\concurrent\futures\_base.py", line 439, in result
    return self.__get_result()
  File "D:\ProgramData\Anaconda3\lib\concurrent\futures\_base.py", line 391, in __get_result
    raise self._exception
ModuleNotFoundError: No module named 'torch'

[47/210] FAIL rq2 seed=42: No module named 'torch'
concurrent.futures.process._RemoteTraceback: 
"""
Traceback (most recent call last):
  File "D:\ProgramData\Anaconda3\lib\concurrent\futures\process.py", line 246, in _process_worker
    r = call_item.fn(*call_item.args, **call_item.kwargs)
  File "E:\研究\saferl\run\run_all_parallel.py", line 313, in run_job
    import torch
ModuleNotFoundError: No module named 'torch'
"""

The above exception was the direct cause of the following exception:

Traceback (most recent call last):
  File "E:\研究\saferl\run\run_all_parallel.py", line 455, in main
    res = fut.result()
  File "D:\ProgramData\Anaconda3\lib\concurrent\futures\_base.py", line 439, in result
    return self.__get_result()
  File "D:\ProgramData\Anaconda3\lib\concurrent\futures\_base.py", line 391, in __get_result
    raise self._exception
ModuleNotFoundError: No module named 'torch'

[48/210] FAIL rq2 seed=456: No module named 'torch'
concurrent.futures.process._RemoteTraceback: 
"""
Traceback (most recent call last):
  File "D:\ProgramData\Anaconda3\lib\concurrent\futures\process.py", line 246, in _process_worker
    r = call_item.fn(*call_item.args, **call_item.kwargs)
  File "E:\研究\saferl\run\run_all_parallel.py", line 313, in run_job
    import torch
ModuleNotFoundError: No module named 'torch'
"""

The above exception was the direct cause of the following exception:

Traceback (most recent call last):
  File "E:\研究\saferl\run\run_all_parallel.py", line 455, in main
    res = fut.result()
  File "D:\ProgramData\Anaconda3\lib\concurrent\futures\_base.py", line 439, in result
    return self.__get_result()
  File "D:\ProgramData\Anaconda3\lib\concurrent\futures\_base.py", line 391, in __get_result
    raise self._exception
ModuleNotFoundError: No module named 'torch'

[49/210] FAIL rq2 seed=789: No module named 'torch'
concurrent.futures.process._RemoteTraceback: 
"""
Traceback (most recent call last):
  File "D:\ProgramData\Anaconda3\lib\concurrent\futures\process.py", line 246, in _process_worker
    r = call_item.fn(*call_item.args, **call_item.kwargs)
  File "E:\研究\saferl\run\run_all_parallel.py", line 313, in run_job
    import torch
ModuleNotFoundError: No module named 'torch'
"""

The above exception was the direct cause of the following exception:

Traceback (most recent call last):
  File "E:\研究\saferl\run\run_all_parallel.py", line 455, in main
    res = fut.result()
  File "D:\ProgramData\Anaconda3\lib\concurrent\futures\_base.py", line 439, in result
    return self.__get_result()
  File "D:\ProgramData\Anaconda3\lib\concurrent\futures\_base.py", line 391, in __get_result
    raise self._exception
ModuleNotFoundError: No module named 'torch'

[50/210] FAIL rq2 seed=2024: No module named 'torch'
concurrent.futures.process._RemoteTraceback: 
"""
Traceback (most recent call last):
  File "D:\ProgramData\Anaconda3\lib\concurrent\futures\process.py", line 246, in _process_worker
    r = call_item.fn(*call_item.args, **call_item.kwargs)
  File "E:\研究\saferl\run\run_all_parallel.py", line 313, in run_job
    import torch
ModuleNotFoundError: No module named 'torch'
"""

The above exception was the direct cause of the following exception:

Traceback (most recent call last):
  File "E:\研究\saferl\run\run_all_parallel.py", line 455, in main
    res = fut.result()
  File "D:\ProgramData\Anaconda3\lib\concurrent\futures\_base.py", line 439, in result
    return self.__get_result()
  File "D:\ProgramData\Anaconda3\lib\concurrent\futures\_base.py", line 391, in __get_result
    raise self._exception
ModuleNotFoundError: No module named 'torch'

[51/210] FAIL rq2 seed=42: No module named 'torch'
concurrent.futures.process._RemoteTraceback: 
"""
Traceback (most recent call last):
  File "D:\ProgramData\Anaconda3\lib\concurrent\futures\process.py", line 246, in _process_worker
    r = call_item.fn(*call_item.args, **call_item.kwargs)
  File "E:\研究\saferl\run\run_all_parallel.py", line 313, in run_job
    import torch
ModuleNotFoundError: No module named 'torch'
"""

The above exception was the direct cause of the following exception:

Traceback (most recent call last):
  File "E:\研究\saferl\run\run_all_parallel.py", line 455, in main
    res = fut.result()
  File "D:\ProgramData\Anaconda3\lib\concurrent\futures\_base.py", line 439, in result
    return self.__get_result()
  File "D:\ProgramData\Anaconda3\lib\concurrent\futures\_base.py", line 391, in __get_result
    raise self._exception
ModuleNotFoundError: No module named 'torch'

[52/210] FAIL rq2 seed=123: No module named 'torch'
concurrent.futures.process._RemoteTraceback: 
"""
Traceback (most recent call last):
  File "D:\ProgramData\Anaconda3\lib\concurrent\futures\process.py", line 246, in _process_worker
    r = call_item.fn(*call_item.args, **call_item.kwargs)
  File "E:\研究\saferl\run\run_all_parallel.py", line 313, in run_job
    import torch
ModuleNotFoundError: No module named 'torch'
"""

The above exception was the direct cause of the following exception:

Traceback (most recent call last):
  File "E:\研究\saferl\run\run_all_parallel.py", line 455, in main
    res = fut.result()
  File "D:\ProgramData\Anaconda3\lib\concurrent\futures\_base.py", line 439, in result
    return self.__get_result()
  File "D:\ProgramData\Anaconda3\lib\concurrent\futures\_base.py", line 391, in __get_result
    raise self._exception
ModuleNotFoundError: No module named 'torch'

[53/210] FAIL rq2 seed=456: No module named 'torch'
concurrent.futures.process._RemoteTraceback: 
"""
Traceback (most recent call last):
  File "D:\ProgramData\Anaconda3\lib\concurrent\futures\process.py", line 246, in _process_worker
    r = call_item.fn(*call_item.args, **call_item.kwargs)
  File "E:\研究\saferl\run\run_all_parallel.py", line 313, in run_job
    import torch
ModuleNotFoundError: No module named 'torch'
"""

The above exception was the direct cause of the following exception:

Traceback (most recent call last):
  File "E:\研究\saferl\run\run_all_parallel.py", line 455, in main
    res = fut.result()
  File "D:\ProgramData\Anaconda3\lib\concurrent\futures\_base.py", line 439, in result
    return self.__get_result()
  File "D:\ProgramData\Anaconda3\lib\concurrent\futures\_base.py", line 391, in __get_result
    raise self._exception
ModuleNotFoundError: No module named 'torch'

[54/210] FAIL rq2 seed=2024: No module named 'torch'
concurrent.futures.process._RemoteTraceback: 
"""
Traceback (most recent call last):
  File "D:\ProgramData\Anaconda3\lib\concurrent\futures\process.py", line 246, in _process_worker
    r = call_item.fn(*call_item.args, **call_item.kwargs)
  File "E:\研究\saferl\run\run_all_parallel.py", line 313, in run_job
    import torch
ModuleNotFoundError: No module named 'torch'
"""

The above exception was the direct cause of the following exception:

Traceback (most recent call last):
  File "E:\研究\saferl\run\run_all_parallel.py", line 455, in main
    res = fut.result()
  File "D:\ProgramData\Anaconda3\lib\concurrent\futures\_base.py", line 439, in result
    return self.__get_result()
  File "D:\ProgramData\Anaconda3\lib\concurrent\futures\_base.py", line 391, in __get_result
    raise self._exception
ModuleNotFoundError: No module named 'torch'

[55/210] FAIL rq2 seed=42: No module named 'torch'
concurrent.futures.process._RemoteTraceback: 
"""
Traceback (most recent call last):
  File "D:\ProgramData\Anaconda3\lib\concurrent\futures\process.py", line 246, in _process_worker
    r = call_item.fn(*call_item.args, **call_item.kwargs)
  File "E:\研究\saferl\run\run_all_parallel.py", line 313, in run_job
    import torch
ModuleNotFoundError: No module named 'torch'
"""

The above exception was the direct cause of the following exception:

Traceback (most recent call last):
  File "E:\研究\saferl\run\run_all_parallel.py", line 455, in main
    res = fut.result()
  File "D:\ProgramData\Anaconda3\lib\concurrent\futures\_base.py", line 439, in result
    return self.__get_result()
  File "D:\ProgramData\Anaconda3\lib\concurrent\futures\_base.py", line 391, in __get_result
    raise self._exception
ModuleNotFoundError: No module named 'torch'

[56/210] FAIL rq2 seed=789: No module named 'torch'
concurrent.futures.process._RemoteTraceback: 
"""
Traceback (most recent call last):
  File "D:\ProgramData\Anaconda3\lib\concurrent\futures\process.py", line 246, in _process_worker
    r = call_item.fn(*call_item.args, **call_item.kwargs)
  File "E:\研究\saferl\run\run_all_parallel.py", line 313, in run_job
    import torch
ModuleNotFoundError: No module named 'torch'
"""

The above exception was the direct cause of the following exception:

Traceback (most recent call last):
  File "E:\研究\saferl\run\run_all_parallel.py", line 455, in main
    res = fut.result()
  File "D:\ProgramData\Anaconda3\lib\concurrent\futures\_base.py", line 439, in result
    return self.__get_result()
  File "D:\ProgramData\Anaconda3\lib\concurrent\futures\_base.py", line 391, in __get_result
    raise self._exception
ModuleNotFoundError: No module named 'torch'

[57/210] FAIL rq2 seed=123: No module named 'torch'
concurrent.futures.process._RemoteTraceback: 
"""
Traceback (most recent call last):
  File "D:\ProgramData\Anaconda3\lib\concurrent\futures\process.py", line 246, in _process_worker
    r = call_item.fn(*call_item.args, **call_item.kwargs)
  File "E:\研究\saferl\run\run_all_parallel.py", line 313, in run_job
    import torch
ModuleNotFoundError: No module named 'torch'
"""

The above exception was the direct cause of the following exception:

Traceback (most recent call last):
  File "E:\研究\saferl\run\run_all_parallel.py", line 455, in main
    res = fut.result()
  File "D:\ProgramData\Anaconda3\lib\concurrent\futures\_base.py", line 439, in result
    return self.__get_result()
  File "D:\ProgramData\Anaconda3\lib\concurrent\futures\_base.py", line 391, in __get_result
    raise self._exception
ModuleNotFoundError: No module named 'torch'

[58/210] FAIL rq2 seed=456: No module named 'torch'
concurrent.futures.process._RemoteTraceback: 
"""
Traceback (most recent call last):
  File "D:\ProgramData\Anaconda3\lib\concurrent\futures\process.py", line 246, in _process_worker
    r = call_item.fn(*call_item.args, **call_item.kwargs)
  File "E:\研究\saferl\run\run_all_parallel.py", line 313, in run_job
    import torch
ModuleNotFoundError: No module named 'torch'
"""

The above exception was the direct cause of the following exception:

Traceback (most recent call last):
  File "E:\研究\saferl\run\run_all_parallel.py", line 455, in main
    res = fut.result()
  File "D:\ProgramData\Anaconda3\lib\concurrent\futures\_base.py", line 439, in result
    return self.__get_result()
  File "D:\ProgramData\Anaconda3\lib\concurrent\futures\_base.py", line 391, in __get_result
    raise self._exception
ModuleNotFoundError: No module named 'torch'

[59/210] FAIL rq2 seed=2024: No module named 'torch'
concurrent.futures.process._RemoteTraceback: 
"""
Traceback (most recent call last):
  File "D:\ProgramData\Anaconda3\lib\concurrent\futures\process.py", line 246, in _process_worker
    r = call_item.fn(*call_item.args, **call_item.kwargs)
  File "E:\研究\saferl\run\run_all_parallel.py", line 313, in run_job
    import torch
ModuleNotFoundError: No module named 'torch'
"""

The above exception was the direct cause of the following exception:

Traceback (most recent call last):
  File "E:\研究\saferl\run\run_all_parallel.py", line 455, in main
    res = fut.result()
  File "D:\ProgramData\Anaconda3\lib\concurrent\futures\_base.py", line 439, in result
    return self.__get_result()
  File "D:\ProgramData\Anaconda3\lib\concurrent\futures\_base.py", line 391, in __get_result
    raise self._exception
ModuleNotFoundError: No module named 'torch'

[60/210] FAIL rq2 seed=789: No module named 'torch'
concurrent.futures.process._RemoteTraceback: 
"""
Traceback (most recent call last):
  File "D:\ProgramData\Anaconda3\lib\concurrent\futures\process.py", line 246, in _process_worker
    r = call_item.fn(*call_item.args, **call_item.kwargs)
  File "E:\研究\saferl\run\run_all_parallel.py", line 313, in run_job
    import torch
ModuleNotFoundError: No module named 'torch'
"""

The above exception was the direct cause of the following exception:

Traceback (most recent call last):
  File "E:\研究\saferl\run\run_all_parallel.py", line 455, in main
    res = fut.result()
  File "D:\ProgramData\Anaconda3\lib\concurrent\futures\_base.py", line 439, in result
    return self.__get_result()
  File "D:\ProgramData\Anaconda3\lib\concurrent\futures\_base.py", line 391, in __get_result
    raise self._exception
ModuleNotFoundError: No module named 'torch'

[61/210] FAIL rq2 seed=42: No module named 'torch'
concurrent.futures.process._RemoteTraceback: 
"""
Traceback (most recent call last):
  File "D:\ProgramData\Anaconda3\lib\concurrent\futures\process.py", line 246, in _process_worker
    r = call_item.fn(*call_item.args, **call_item.kwargs)
  File "E:\研究\saferl\run\run_all_parallel.py", line 313, in run_job
    import torch
ModuleNotFoundError: No module named 'torch'
"""

The above exception was the direct cause of the following exception:

Traceback (most recent call last):
  File "E:\研究\saferl\run\run_all_parallel.py", line 455, in main
    res = fut.result()
  File "D:\ProgramData\Anaconda3\lib\concurrent\futures\_base.py", line 439, in result
    return self.__get_result()
  File "D:\ProgramData\Anaconda3\lib\concurrent\futures\_base.py", line 391, in __get_result
    raise self._exception
ModuleNotFoundError: No module named 'torch'

[62/210] FAIL rq2 seed=123: No module named 'torch'
concurrent.futures.process._RemoteTraceback: 
"""
Traceback (most recent call last):
  File "D:\ProgramData\Anaconda3\lib\concurrent\futures\process.py", line 246, in _process_worker
    r = call_item.fn(*call_item.args, **call_item.kwargs)
  File "E:\研究\saferl\run\run_all_parallel.py", line 313, in run_job
    import torch
ModuleNotFoundError: No module named 'torch'
"""

The above exception was the direct cause of the following exception:

Traceback (most recent call last):
  File "E:\研究\saferl\run\run_all_parallel.py", line 455, in main
    res = fut.result()
  File "D:\ProgramData\Anaconda3\lib\concurrent\futures\_base.py", line 439, in result
    return self.__get_result()
  File "D:\ProgramData\Anaconda3\lib\concurrent\futures\_base.py", line 391, in __get_result
    raise self._exception
ModuleNotFoundError: No module named 'torch'

[63/210] FAIL rq2 seed=456: No module named 'torch'
concurrent.futures.process._RemoteTraceback: 
"""
Traceback (most recent call last):
  File "D:\ProgramData\Anaconda3\lib\concurrent\futures\process.py", line 246, in _process_worker
    r = call_item.fn(*call_item.args, **call_item.kwargs)
  File "E:\研究\saferl\run\run_all_parallel.py", line 313, in run_job
    import torch
ModuleNotFoundError: No module named 'torch'
"""

The above exception was the direct cause of the following exception:

Traceback (most recent call last):
  File "E:\研究\saferl\run\run_all_parallel.py", line 455, in main
    res = fut.result()
  File "D:\ProgramData\Anaconda3\lib\concurrent\futures\_base.py", line 439, in result
    return self.__get_result()
  File "D:\ProgramData\Anaconda3\lib\concurrent\futures\_base.py", line 391, in __get_result
    raise self._exception
ModuleNotFoundError: No module named 'torch'

[64/210] FAIL rq2 seed=789: No module named 'torch'
concurrent.futures.process._RemoteTraceback: 
"""
Traceback (most recent call last):
  File "D:\ProgramData\Anaconda3\lib\concurrent\futures\process.py", line 246, in _process_worker
    r = call_item.fn(*call_item.args, **call_item.kwargs)
  File "E:\研究\saferl\run\run_all_parallel.py", line 313, in run_job
    import torch
ModuleNotFoundError: No module named 'torch'
"""

The above exception was the direct cause of the following exception:

Traceback (most recent call last):
  File "E:\研究\saferl\run\run_all_parallel.py", line 455, in main
    res = fut.result()
  File "D:\ProgramData\Anaconda3\lib\concurrent\futures\_base.py", line 439, in result
    return self.__get_result()
  File "D:\ProgramData\Anaconda3\lib\concurrent\futures\_base.py", line 391, in __get_result
    raise self._exception
ModuleNotFoundError: No module named 'torch'

[65/210] FAIL rq2 seed=2024: No module named 'torch'
concurrent.futures.process._RemoteTraceback: 
"""
Traceback (most recent call last):
  File "D:\ProgramData\Anaconda3\lib\concurrent\futures\process.py", line 246, in _process_worker
    r = call_item.fn(*call_item.args, **call_item.kwargs)
  File "E:\研究\saferl\run\run_all_parallel.py", line 313, in run_job
    import torch
ModuleNotFoundError: No module named 'torch'
"""

The above exception was the direct cause of the following exception:

Traceback (most recent call last):
  File "E:\研究\saferl\run\run_all_parallel.py", line 455, in main
    res = fut.result()
  File "D:\ProgramData\Anaconda3\lib\concurrent\futures\_base.py", line 439, in result
    return self.__get_result()
  File "D:\ProgramData\Anaconda3\lib\concurrent\futures\_base.py", line 391, in __get_result
    raise self._exception
ModuleNotFoundError: No module named 'torch'

[66/210] FAIL rq2 seed=42: No module named 'torch'
concurrent.futures.process._RemoteTraceback: 
"""
Traceback (most recent call last):
  File "D:\ProgramData\Anaconda3\lib\concurrent\futures\process.py", line 246, in _process_worker
    r = call_item.fn(*call_item.args, **call_item.kwargs)
  File "E:\研究\saferl\run\run_all_parallel.py", line 313, in run_job
    import torch
ModuleNotFoundError: No module named 'torch'
"""

The above exception was the direct cause of the following exception:

Traceback (most recent call last):
  File "E:\研究\saferl\run\run_all_parallel.py", line 455, in main
    res = fut.result()
  File "D:\ProgramData\Anaconda3\lib\concurrent\futures\_base.py", line 439, in result
    return self.__get_result()
  File "D:\ProgramData\Anaconda3\lib\concurrent\futures\_base.py", line 391, in __get_result
    raise self._exception
ModuleNotFoundError: No module named 'torch'

[67/210] FAIL rq2 seed=456: No module named 'torch'
concurrent.futures.process._RemoteTraceback: 
"""
Traceback (most recent call last):
  File "D:\ProgramData\Anaconda3\lib\concurrent\futures\process.py", line 246, in _process_worker
    r = call_item.fn(*call_item.args, **call_item.kwargs)
  File "E:\研究\saferl\run\run_all_parallel.py", line 313, in run_job
    import torch
ModuleNotFoundError: No module named 'torch'
"""

The above exception was the direct cause of the following exception:

Traceback (most recent call last):
  File "E:\研究\saferl\run\run_all_parallel.py", line 455, in main
    res = fut.result()
  File "D:\ProgramData\Anaconda3\lib\concurrent\futures\_base.py", line 439, in result
    return self.__get_result()
  File "D:\ProgramData\Anaconda3\lib\concurrent\futures\_base.py", line 391, in __get_result
    raise self._exception
ModuleNotFoundError: No module named 'torch'

[68/210] FAIL rq2 seed=789: No module named 'torch'
concurrent.futures.process._RemoteTraceback: 
"""
Traceback (most recent call last):
  File "D:\ProgramData\Anaconda3\lib\concurrent\futures\process.py", line 246, in _process_worker
    r = call_item.fn(*call_item.args, **call_item.kwargs)
  File "E:\研究\saferl\run\run_all_parallel.py", line 313, in run_job
    import torch
ModuleNotFoundError: No module named 'torch'
"""

The above exception was the direct cause of the following exception:

Traceback (most recent call last):
  File "E:\研究\saferl\run\run_all_parallel.py", line 455, in main
    res = fut.result()
  File "D:\ProgramData\Anaconda3\lib\concurrent\futures\_base.py", line 439, in result
    return self.__get_result()
  File "D:\ProgramData\Anaconda3\lib\concurrent\futures\_base.py", line 391, in __get_result
    raise self._exception
ModuleNotFoundError: No module named 'torch'

[69/210] FAIL rq2 seed=123: No module named 'torch'
concurrent.futures.process._RemoteTraceback: 
"""
Traceback (most recent call last):
  File "D:\ProgramData\Anaconda3\lib\concurrent\futures\process.py", line 246, in _process_worker
    r = call_item.fn(*call_item.args, **call_item.kwargs)
  File "E:\研究\saferl\run\run_all_parallel.py", line 313, in run_job
    import torch
ModuleNotFoundError: No module named 'torch'
"""

The above exception was the direct cause of the following exception:

Traceback (most recent call last):
  File "E:\研究\saferl\run\run_all_parallel.py", line 455, in main
    res = fut.result()
  File "D:\ProgramData\Anaconda3\lib\concurrent\futures\_base.py", line 439, in result
    return self.__get_result()
  File "D:\ProgramData\Anaconda3\lib\concurrent\futures\_base.py", line 391, in __get_result
    raise self._exception
ModuleNotFoundError: No module named 'torch'

[70/210] FAIL rq2 seed=2024: No module named 'torch'
concurrent.futures.process._RemoteTraceback: 
"""
Traceback (most recent call last):
  File "D:\ProgramData\Anaconda3\lib\concurrent\futures\process.py", line 246, in _process_worker
    r = call_item.fn(*call_item.args, **call_item.kwargs)
  File "E:\研究\saferl\run\run_all_parallel.py", line 313, in run_job
    import torch
ModuleNotFoundError: No module named 'torch'
"""

The above exception was the direct cause of the following exception:

Traceback (most recent call last):
  File "E:\研究\saferl\run\run_all_parallel.py", line 455, in main
    res = fut.result()
  File "D:\ProgramData\Anaconda3\lib\concurrent\futures\_base.py", line 439, in result
    return self.__get_result()
  File "D:\ProgramData\Anaconda3\lib\concurrent\futures\_base.py", line 391, in __get_result
    raise self._exception
ModuleNotFoundError: No module named 'torch'

[71/210] FAIL rq2 seed=123: No module named 'torch'
concurrent.futures.process._RemoteTraceback: 
"""
Traceback (most recent call last):
  File "D:\ProgramData\Anaconda3\lib\concurrent\futures\process.py", line 246, in _process_worker
    r = call_item.fn(*call_item.args, **call_item.kwargs)
  File "E:\研究\saferl\run\run_all_parallel.py", line 313, in run_job
    import torch
ModuleNotFoundError: No module named 'torch'
"""

The above exception was the direct cause of the following exception:

Traceback (most recent call last):
  File "E:\研究\saferl\run\run_all_parallel.py", line 455, in main
    res = fut.result()
  File "D:\ProgramData\Anaconda3\lib\concurrent\futures\_base.py", line 439, in result
    return self.__get_result()
  File "D:\ProgramData\Anaconda3\lib\concurrent\futures\_base.py", line 391, in __get_result
    raise self._exception
ModuleNotFoundError: No module named 'torch'

[72/210] FAIL rq2 seed=42: No module named 'torch'
concurrent.futures.process._RemoteTraceback: 
"""
Traceback (most recent call last):
  File "D:\ProgramData\Anaconda3\lib\concurrent\futures\process.py", line 246, in _process_worker
    r = call_item.fn(*call_item.args, **call_item.kwargs)
  File "E:\研究\saferl\run\run_all_parallel.py", line 313, in run_job
    import torch
ModuleNotFoundError: No module named 'torch'
"""

The above exception was the direct cause of the following exception:

Traceback (most recent call last):
  File "E:\研究\saferl\run\run_all_parallel.py", line 455, in main
    res = fut.result()
  File "D:\ProgramData\Anaconda3\lib\concurrent\futures\_base.py", line 439, in result
    return self.__get_result()
  File "D:\ProgramData\Anaconda3\lib\concurrent\futures\_base.py", line 391, in __get_result
    raise self._exception
ModuleNotFoundError: No module named 'torch'

[73/210] FAIL rq2 seed=789: No module named 'torch'
concurrent.futures.process._RemoteTraceback: 
"""
Traceback (most recent call last):
  File "D:\ProgramData\Anaconda3\lib\concurrent\futures\process.py", line 246, in _process_worker
    r = call_item.fn(*call_item.args, **call_item.kwargs)
  File "E:\研究\saferl\run\run_all_parallel.py", line 313, in run_job
    import torch
ModuleNotFoundError: No module named 'torch'
"""

The above exception was the direct cause of the following exception:

Traceback (most recent call last):
  File "E:\研究\saferl\run\run_all_parallel.py", line 455, in main
    res = fut.result()
  File "D:\ProgramData\Anaconda3\lib\concurrent\futures\_base.py", line 439, in result
    return self.__get_result()
  File "D:\ProgramData\Anaconda3\lib\concurrent\futures\_base.py", line 391, in __get_result
    raise self._exception
ModuleNotFoundError: No module named 'torch'

[74/210] FAIL rq2 seed=42: No module named 'torch'
concurrent.futures.process._RemoteTraceback: 
"""
Traceback (most recent call last):
  File "D:\ProgramData\Anaconda3\lib\concurrent\futures\process.py", line 246, in _process_worker
    r = call_item.fn(*call_item.args, **call_item.kwargs)
  File "E:\研究\saferl\run\run_all_parallel.py", line 313, in run_job
    import torch
ModuleNotFoundError: No module named 'torch'
"""

The above exception was the direct cause of the following exception:

Traceback (most recent call last):
  File "E:\研究\saferl\run\run_all_parallel.py", line 455, in main
    res = fut.result()
  File "D:\ProgramData\Anaconda3\lib\concurrent\futures\_base.py", line 439, in result
    return self.__get_result()
  File "D:\ProgramData\Anaconda3\lib\concurrent\futures\_base.py", line 391, in __get_result
    raise self._exception
ModuleNotFoundError: No module named 'torch'

[75/210] FAIL rq2 seed=456: No module named 'torch'
concurrent.futures.process._RemoteTraceback: 
"""
Traceback (most recent call last):
  File "D:\ProgramData\Anaconda3\lib\concurrent\futures\process.py", line 246, in _process_worker
    r = call_item.fn(*call_item.args, **call_item.kwargs)
  File "E:\研究\saferl\run\run_all_parallel.py", line 313, in run_job
    import torch
ModuleNotFoundError: No module named 'torch'
"""

The above exception was the direct cause of the following exception:

Traceback (most recent call last):
  File "E:\研究\saferl\run\run_all_parallel.py", line 455, in main
    res = fut.result()
  File "D:\ProgramData\Anaconda3\lib\concurrent\futures\_base.py", line 439, in result
    return self.__get_result()
  File "D:\ProgramData\Anaconda3\lib\concurrent\futures\_base.py", line 391, in __get_result
    raise self._exception
ModuleNotFoundError: No module named 'torch'

[76/210] FAIL rq2 seed=2024: No module named 'torch'
concurrent.futures.process._RemoteTraceback: 
"""
Traceback (most recent call last):
  File "D:\ProgramData\Anaconda3\lib\concurrent\futures\process.py", line 246, in _process_worker
    r = call_item.fn(*call_item.args, **call_item.kwargs)
  File "E:\研究\saferl\run\run_all_parallel.py", line 313, in run_job
    import torch
ModuleNotFoundError: No module named 'torch'
"""

The above exception was the direct cause of the following exception:

Traceback (most recent call last):
  File "E:\研究\saferl\run\run_all_parallel.py", line 455, in main
    res = fut.result()
  File "D:\ProgramData\Anaconda3\lib\concurrent\futures\_base.py", line 439, in result
    return self.__get_result()
  File "D:\ProgramData\Anaconda3\lib\concurrent\futures\_base.py", line 391, in __get_result
    raise self._exception
ModuleNotFoundError: No module named 'torch'

[77/210] FAIL rq2 seed=123: No module named 'torch'
concurrent.futures.process._RemoteTraceback: 
"""
Traceback (most recent call last):
  File "D:\ProgramData\Anaconda3\lib\concurrent\futures\process.py", line 246, in _process_worker
    r = call_item.fn(*call_item.args, **call_item.kwargs)
  File "E:\研究\saferl\run\run_all_parallel.py", line 313, in run_job
    import torch
ModuleNotFoundError: No module named 'torch'
"""

The above exception was the direct cause of the following exception:

Traceback (most recent call last):
  File "E:\研究\saferl\run\run_all_parallel.py", line 455, in main
    res = fut.result()
  File "D:\ProgramData\Anaconda3\lib\concurrent\futures\_base.py", line 439, in result
    return self.__get_result()
  File "D:\ProgramData\Anaconda3\lib\concurrent\futures\_base.py", line 391, in __get_result
    raise self._exception
ModuleNotFoundError: No module named 'torch'

[78/210] FAIL rq2 seed=789: No module named 'torch'
concurrent.futures.process._RemoteTraceback: 
"""
Traceback (most recent call last):
  File "D:\ProgramData\Anaconda3\lib\concurrent\futures\process.py", line 246, in _process_worker
    r = call_item.fn(*call_item.args, **call_item.kwargs)
  File "E:\研究\saferl\run\run_all_parallel.py", line 313, in run_job
    import torch
ModuleNotFoundError: No module named 'torch'
"""

The above exception was the direct cause of the following exception:

Traceback (most recent call last):
  File "E:\研究\saferl\run\run_all_parallel.py", line 455, in main
    res = fut.result()
  File "D:\ProgramData\Anaconda3\lib\concurrent\futures\_base.py", line 439, in result
    return self.__get_result()
  File "D:\ProgramData\Anaconda3\lib\concurrent\futures\_base.py", line 391, in __get_result
    raise self._exception
ModuleNotFoundError: No module named 'torch'

[79/210] FAIL rq2 seed=456: No module named 'torch'
concurrent.futures.process._RemoteTraceback: 
"""
Traceback (most recent call last):
  File "D:\ProgramData\Anaconda3\lib\concurrent\futures\process.py", line 246, in _process_worker
    r = call_item.fn(*call_item.args, **call_item.kwargs)
  File "E:\研究\saferl\run\run_all_parallel.py", line 313, in run_job
    import torch
ModuleNotFoundError: No module named 'torch'
"""

The above exception was the direct cause of the following exception:

Traceback (most recent call last):
  File "E:\研究\saferl\run\run_all_parallel.py", line 455, in main
    res = fut.result()
  File "D:\ProgramData\Anaconda3\lib\concurrent\futures\_base.py", line 439, in result
    return self.__get_result()
  File "D:\ProgramData\Anaconda3\lib\concurrent\futures\_base.py", line 391, in __get_result
    raise self._exception
ModuleNotFoundError: No module named 'torch'

[80/210] FAIL rq2 seed=2024: No module named 'torch'
concurrent.futures.process._RemoteTraceback: 
"""
Traceback (most recent call last):
  File "D:\ProgramData\Anaconda3\lib\concurrent\futures\process.py", line 246, in _process_worker
    r = call_item.fn(*call_item.args, **call_item.kwargs)
  File "E:\研究\saferl\run\run_all_parallel.py", line 313, in run_job
    import torch
ModuleNotFoundError: No module named 'torch'
"""

The above exception was the direct cause of the following exception:

Traceback (most recent call last):
  File "E:\研究\saferl\run\run_all_parallel.py", line 455, in main
    res = fut.result()
  File "D:\ProgramData\Anaconda3\lib\concurrent\futures\_base.py", line 439, in result
    return self.__get_result()
  File "D:\ProgramData\Anaconda3\lib\concurrent\futures\_base.py", line 391, in __get_result
    raise self._exception
ModuleNotFoundError: No module named 'torch'

[81/210] FAIL rq2 seed=123: No module named 'torch'
concurrent.futures.process._RemoteTraceback: 
"""
Traceback (most recent call last):
  File "D:\ProgramData\Anaconda3\lib\concurrent\futures\process.py", line 246, in _process_worker
    r = call_item.fn(*call_item.args, **call_item.kwargs)
  File "E:\研究\saferl\run\run_all_parallel.py", line 313, in run_job
    import torch
ModuleNotFoundError: No module named 'torch'
"""

The above exception was the direct cause of the following exception:

Traceback (most recent call last):
  File "E:\研究\saferl\run\run_all_parallel.py", line 455, in main
    res = fut.result()
  File "D:\ProgramData\Anaconda3\lib\concurrent\futures\_base.py", line 439, in result
    return self.__get_result()
  File "D:\ProgramData\Anaconda3\lib\concurrent\futures\_base.py", line 391, in __get_result
    raise self._exception
ModuleNotFoundError: No module named 'torch'

[82/210] FAIL rq2 seed=789: No module named 'torch'
concurrent.futures.process._RemoteTraceback: 
"""
Traceback (most recent call last):
  File "D:\ProgramData\Anaconda3\lib\concurrent\futures\process.py", line 246, in _process_worker
    r = call_item.fn(*call_item.args, **call_item.kwargs)
  File "E:\研究\saferl\run\run_all_parallel.py", line 313, in run_job
    import torch
ModuleNotFoundError: No module named 'torch'
"""

The above exception was the direct cause of the following exception:

Traceback (most recent call last):
  File "E:\研究\saferl\run\run_all_parallel.py", line 455, in main
    res = fut.result()
  File "D:\ProgramData\Anaconda3\lib\concurrent\futures\_base.py", line 439, in result
    return self.__get_result()
  File "D:\ProgramData\Anaconda3\lib\concurrent\futures\_base.py", line 391, in __get_result
    raise self._exception
ModuleNotFoundError: No module named 'torch'

[83/210] FAIL rq2 seed=456: No module named 'torch'
concurrent.futures.process._RemoteTraceback: 
"""
Traceback (most recent call last):
  File "D:\ProgramData\Anaconda3\lib\concurrent\futures\process.py", line 246, in _process_worker
    r = call_item.fn(*call_item.args, **call_item.kwargs)
  File "E:\研究\saferl\run\run_all_parallel.py", line 313, in run_job
    import torch
ModuleNotFoundError: No module named 'torch'
"""

The above exception was the direct cause of the following exception:

Traceback (most recent call last):
  File "E:\研究\saferl\run\run_all_parallel.py", line 455, in main
    res = fut.result()
  File "D:\ProgramData\Anaconda3\lib\concurrent\futures\_base.py", line 439, in result
    return self.__get_result()
  File "D:\ProgramData\Anaconda3\lib\concurrent\futures\_base.py", line 391, in __get_result
    raise self._exception
ModuleNotFoundError: No module named 'torch'

[84/210] FAIL rq2 seed=42: No module named 'torch'
concurrent.futures.process._RemoteTraceback: 
"""
Traceback (most recent call last):
  File "D:\ProgramData\Anaconda3\lib\concurrent\futures\process.py", line 246, in _process_worker
    r = call_item.fn(*call_item.args, **call_item.kwargs)
  File "E:\研究\saferl\run\run_all_parallel.py", line 313, in run_job
    import torch
ModuleNotFoundError: No module named 'torch'
"""

The above exception was the direct cause of the following exception:

Traceback (most recent call last):
  File "E:\研究\saferl\run\run_all_parallel.py", line 455, in main
    res = fut.result()
  File "D:\ProgramData\Anaconda3\lib\concurrent\futures\_base.py", line 439, in result
    return self.__get_result()
  File "D:\ProgramData\Anaconda3\lib\concurrent\futures\_base.py", line 391, in __get_result
    raise self._exception
ModuleNotFoundError: No module named 'torch'

[85/210] FAIL rq2 seed=2024: No module named 'torch'
concurrent.futures.process._RemoteTraceback: 
"""
Traceback (most recent call last):
  File "D:\ProgramData\Anaconda3\lib\concurrent\futures\process.py", line 246, in _process_worker
    r = call_item.fn(*call_item.args, **call_item.kwargs)
  File "E:\研究\saferl\run\run_all_parallel.py", line 313, in run_job
    import torch
ModuleNotFoundError: No module named 'torch'
"""

The above exception was the direct cause of the following exception:

Traceback (most recent call last):
  File "E:\研究\saferl\run\run_all_parallel.py", line 455, in main
    res = fut.result()
  File "D:\ProgramData\Anaconda3\lib\concurrent\futures\_base.py", line 439, in result
    return self.__get_result()
  File "D:\ProgramData\Anaconda3\lib\concurrent\futures\_base.py", line 391, in __get_result
    raise self._exception
ModuleNotFoundError: No module named 'torch'

[86/210] FAIL rq2 seed=42: No module named 'torch'
concurrent.futures.process._RemoteTraceback: 
"""
Traceback (most recent call last):
  File "D:\ProgramData\Anaconda3\lib\concurrent\futures\process.py", line 246, in _process_worker
    r = call_item.fn(*call_item.args, **call_item.kwargs)
  File "E:\研究\saferl\run\run_all_parallel.py", line 313, in run_job
    import torch
ModuleNotFoundError: No module named 'torch'
"""

The above exception was the direct cause of the following exception:

Traceback (most recent call last):
  File "E:\研究\saferl\run\run_all_parallel.py", line 455, in main
    res = fut.result()
  File "D:\ProgramData\Anaconda3\lib\concurrent\futures\_base.py", line 439, in result
    return self.__get_result()
  File "D:\ProgramData\Anaconda3\lib\concurrent\futures\_base.py", line 391, in __get_result
    raise self._exception
ModuleNotFoundError: No module named 'torch'

[87/210] FAIL rq2 seed=123: No module named 'torch'
concurrent.futures.process._RemoteTraceback: 
"""
Traceback (most recent call last):
  File "D:\ProgramData\Anaconda3\lib\concurrent\futures\process.py", line 246, in _process_worker
    r = call_item.fn(*call_item.args, **call_item.kwargs)
  File "E:\研究\saferl\run\run_all_parallel.py", line 313, in run_job
    import torch
ModuleNotFoundError: No module named 'torch'
"""

The above exception was the direct cause of the following exception:

Traceback (most recent call last):
  File "E:\研究\saferl\run\run_all_parallel.py", line 455, in main
    res = fut.result()
  File "D:\ProgramData\Anaconda3\lib\concurrent\futures\_base.py", line 439, in result
    return self.__get_result()
  File "D:\ProgramData\Anaconda3\lib\concurrent\futures\_base.py", line 391, in __get_result
    raise self._exception
ModuleNotFoundError: No module named 'torch'

[88/210] FAIL rq2 seed=456: No module named 'torch'
concurrent.futures.process._RemoteTraceback: 
"""
Traceback (most recent call last):
  File "D:\ProgramData\Anaconda3\lib\concurrent\futures\process.py", line 246, in _process_worker
    r = call_item.fn(*call_item.args, **call_item.kwargs)
  File "E:\研究\saferl\run\run_all_parallel.py", line 313, in run_job
    import torch
ModuleNotFoundError: No module named 'torch'
"""

The above exception was the direct cause of the following exception:

Traceback (most recent call last):
  File "E:\研究\saferl\run\run_all_parallel.py", line 455, in main
    res = fut.result()
  File "D:\ProgramData\Anaconda3\lib\concurrent\futures\_base.py", line 439, in result
    return self.__get_result()
  File "D:\ProgramData\Anaconda3\lib\concurrent\futures\_base.py", line 391, in __get_result
    raise self._exception
ModuleNotFoundError: No module named 'torch'

[89/210] FAIL rq2 seed=789: No module named 'torch'
concurrent.futures.process._RemoteTraceback: 
"""
Traceback (most recent call last):
  File "D:\ProgramData\Anaconda3\lib\concurrent\futures\process.py", line 246, in _process_worker
    r = call_item.fn(*call_item.args, **call_item.kwargs)
  File "E:\研究\saferl\run\run_all_parallel.py", line 313, in run_job
    import torch
ModuleNotFoundError: No module named 'torch'
"""

The above exception was the direct cause of the following exception:

Traceback (most recent call last):
  File "E:\研究\saferl\run\run_all_parallel.py", line 455, in main
    res = fut.result()
  File "D:\ProgramData\Anaconda3\lib\concurrent\futures\_base.py", line 439, in result
    return self.__get_result()
  File "D:\ProgramData\Anaconda3\lib\concurrent\futures\_base.py", line 391, in __get_result
    raise self._exception
ModuleNotFoundError: No module named 'torch'

[90/210] FAIL rq2 seed=123: No module named 'torch'
concurrent.futures.process._RemoteTraceback: 
"""
Traceback (most recent call last):
  File "D:\ProgramData\Anaconda3\lib\concurrent\futures\process.py", line 246, in _process_worker
    r = call_item.fn(*call_item.args, **call_item.kwargs)
  File "E:\研究\saferl\run\run_all_parallel.py", line 313, in run_job
    import torch
ModuleNotFoundError: No module named 'torch'
"""

The above exception was the direct cause of the following exception:

Traceback (most recent call last):
  File "E:\研究\saferl\run\run_all_parallel.py", line 455, in main
    res = fut.result()
  File "D:\ProgramData\Anaconda3\lib\concurrent\futures\_base.py", line 439, in result
    return self.__get_result()
  File "D:\ProgramData\Anaconda3\lib\concurrent\futures\_base.py", line 391, in __get_result
    raise self._exception
ModuleNotFoundError: No module named 'torch'

[91/210] FAIL rq2 seed=42: No module named 'torch'
concurrent.futures.process._RemoteTraceback: 
"""
Traceback (most recent call last):
  File "D:\ProgramData\Anaconda3\lib\concurrent\futures\process.py", line 246, in _process_worker
    r = call_item.fn(*call_item.args, **call_item.kwargs)
  File "E:\研究\saferl\run\run_all_parallel.py", line 313, in run_job
    import torch
ModuleNotFoundError: No module named 'torch'
"""

The above exception was the direct cause of the following exception:

Traceback (most recent call last):
  File "E:\研究\saferl\run\run_all_parallel.py", line 455, in main
    res = fut.result()
  File "D:\ProgramData\Anaconda3\lib\concurrent\futures\_base.py", line 439, in result
    return self.__get_result()
  File "D:\ProgramData\Anaconda3\lib\concurrent\futures\_base.py", line 391, in __get_result
    raise self._exception
ModuleNotFoundError: No module named 'torch'

[92/210] FAIL rq2 seed=2024: No module named 'torch'
concurrent.futures.process._RemoteTraceback: 
"""
Traceback (most recent call last):
  File "D:\ProgramData\Anaconda3\lib\concurrent\futures\process.py", line 246, in _process_worker
    r = call_item.fn(*call_item.args, **call_item.kwargs)
  File "E:\研究\saferl\run\run_all_parallel.py", line 313, in run_job
    import torch
ModuleNotFoundError: No module named 'torch'
"""

The above exception was the direct cause of the following exception:

Traceback (most recent call last):
  File "E:\研究\saferl\run\run_all_parallel.py", line 455, in main
    res = fut.result()
  File "D:\ProgramData\Anaconda3\lib\concurrent\futures\_base.py", line 439, in result
    return self.__get_result()
  File "D:\ProgramData\Anaconda3\lib\concurrent\futures\_base.py", line 391, in __get_result
    raise self._exception
ModuleNotFoundError: No module named 'torch'

[93/210] FAIL rq2 seed=789: No module named 'torch'
concurrent.futures.process._RemoteTraceback: 
"""
Traceback (most recent call last):
  File "D:\ProgramData\Anaconda3\lib\concurrent\futures\process.py", line 246, in _process_worker
    r = call_item.fn(*call_item.args, **call_item.kwargs)
  File "E:\研究\saferl\run\run_all_parallel.py", line 313, in run_job
    import torch
ModuleNotFoundError: No module named 'torch'
"""

The above exception was the direct cause of the following exception:

Traceback (most recent call last):
  File "E:\研究\saferl\run\run_all_parallel.py", line 455, in main
    res = fut.result()
  File "D:\ProgramData\Anaconda3\lib\concurrent\futures\_base.py", line 439, in result
    return self.__get_result()
  File "D:\ProgramData\Anaconda3\lib\concurrent\futures\_base.py", line 391, in __get_result
    raise self._exception
ModuleNotFoundError: No module named 'torch'

[94/210] FAIL rq2 seed=2024: No module named 'torch'
concurrent.futures.process._RemoteTraceback: 
"""
Traceback (most recent call last):
  File "D:\ProgramData\Anaconda3\lib\concurrent\futures\process.py", line 246, in _process_worker
    r = call_item.fn(*call_item.args, **call_item.kwargs)
  File "E:\研究\saferl\run\run_all_parallel.py", line 313, in run_job
    import torch
ModuleNotFoundError: No module named 'torch'
"""

The above exception was the direct cause of the following exception:

Traceback (most recent call last):
  File "E:\研究\saferl\run\run_all_parallel.py", line 455, in main
    res = fut.result()
  File "D:\ProgramData\Anaconda3\lib\concurrent\futures\_base.py", line 439, in result
    return self.__get_result()
  File "D:\ProgramData\Anaconda3\lib\concurrent\futures\_base.py", line 391, in __get_result
    raise self._exception
ModuleNotFoundError: No module named 'torch'

[95/210] FAIL rq2 seed=42: No module named 'torch'
concurrent.futures.process._RemoteTraceback: 
"""
Traceback (most recent call last):
  File "D:\ProgramData\Anaconda3\lib\concurrent\futures\process.py", line 246, in _process_worker
    r = call_item.fn(*call_item.args, **call_item.kwargs)
  File "E:\研究\saferl\run\run_all_parallel.py", line 313, in run_job
    import torch
ModuleNotFoundError: No module named 'torch'
"""

The above exception was the direct cause of the following exception:

Traceback (most recent call last):
  File "E:\研究\saferl\run\run_all_parallel.py", line 455, in main
    res = fut.result()
  File "D:\ProgramData\Anaconda3\lib\concurrent\futures\_base.py", line 439, in result
    return self.__get_result()
  File "D:\ProgramData\Anaconda3\lib\concurrent\futures\_base.py", line 391, in __get_result
    raise self._exception
ModuleNotFoundError: No module named 'torch'

[96/210] FAIL rq2 seed=456: No module named 'torch'
concurrent.futures.process._RemoteTraceback: 
"""
Traceback (most recent call last):
  File "D:\ProgramData\Anaconda3\lib\concurrent\futures\process.py", line 246, in _process_worker
    r = call_item.fn(*call_item.args, **call_item.kwargs)
  File "E:\研究\saferl\run\run_all_parallel.py", line 313, in run_job
    import torch
ModuleNotFoundError: No module named 'torch'
"""

The above exception was the direct cause of the following exception:

Traceback (most recent call last):
  File "E:\研究\saferl\run\run_all_parallel.py", line 455, in main
    res = fut.result()
  File "D:\ProgramData\Anaconda3\lib\concurrent\futures\_base.py", line 439, in result
    return self.__get_result()
  File "D:\ProgramData\Anaconda3\lib\concurrent\futures\_base.py", line 391, in __get_result
    raise self._exception
ModuleNotFoundError: No module named 'torch'

[97/210] FAIL rq2 seed=123: No module named 'torch'
concurrent.futures.process._RemoteTraceback: 
"""
Traceback (most recent call last):
  File "D:\ProgramData\Anaconda3\lib\concurrent\futures\process.py", line 246, in _process_worker
    r = call_item.fn(*call_item.args, **call_item.kwargs)
  File "E:\研究\saferl\run\run_all_parallel.py", line 313, in run_job
    import torch
ModuleNotFoundError: No module named 'torch'
"""

The above exception was the direct cause of the following exception:

Traceback (most recent call last):
  File "E:\研究\saferl\run\run_all_parallel.py", line 455, in main
    res = fut.result()
  File "D:\ProgramData\Anaconda3\lib\concurrent\futures\_base.py", line 439, in result
    return self.__get_result()
  File "D:\ProgramData\Anaconda3\lib\concurrent\futures\_base.py", line 391, in __get_result
    raise self._exception
ModuleNotFoundError: No module named 'torch'

[98/210] FAIL rq2 seed=789: No module named 'torch'
concurrent.futures.process._RemoteTraceback: 
"""
Traceback (most recent call last):
  File "D:\ProgramData\Anaconda3\lib\concurrent\futures\process.py", line 246, in _process_worker
    r = call_item.fn(*call_item.args, **call_item.kwargs)
  File "E:\研究\saferl\run\run_all_parallel.py", line 313, in run_job
    import torch
ModuleNotFoundError: No module named 'torch'
"""

The above exception was the direct cause of the following exception:

Traceback (most recent call last):
  File "E:\研究\saferl\run\run_all_parallel.py", line 455, in main
    res = fut.result()
  File "D:\ProgramData\Anaconda3\lib\concurrent\futures\_base.py", line 439, in result
    return self.__get_result()
  File "D:\ProgramData\Anaconda3\lib\concurrent\futures\_base.py", line 391, in __get_result
    raise self._exception
ModuleNotFoundError: No module named 'torch'

[99/210] FAIL rq2 seed=2024: No module named 'torch'
concurrent.futures.process._RemoteTraceback: 
"""
Traceback (most recent call last):
  File "D:\ProgramData\Anaconda3\lib\concurrent\futures\process.py", line 246, in _process_worker
    r = call_item.fn(*call_item.args, **call_item.kwargs)
  File "E:\研究\saferl\run\run_all_parallel.py", line 313, in run_job
    import torch
ModuleNotFoundError: No module named 'torch'
"""

The above exception was the direct cause of the following exception:

Traceback (most recent call last):
  File "E:\研究\saferl\run\run_all_parallel.py", line 455, in main
    res = fut.result()
  File "D:\ProgramData\Anaconda3\lib\concurrent\futures\_base.py", line 439, in result
    return self.__get_result()
  File "D:\ProgramData\Anaconda3\lib\concurrent\futures\_base.py", line 391, in __get_result
    raise self._exception
ModuleNotFoundError: No module named 'torch'

[100/210] FAIL rq2 seed=456: No module named 'torch'
concurrent.futures.process._RemoteTraceback: 
"""
Traceback (most recent call last):
  File "D:\ProgramData\Anaconda3\lib\concurrent\futures\process.py", line 246, in _process_worker
    r = call_item.fn(*call_item.args, **call_item.kwargs)
  File "E:\研究\saferl\run\run_all_parallel.py", line 313, in run_job
    import torch
ModuleNotFoundError: No module named 'torch'
"""

The above exception was the direct cause of the following exception:

Traceback (most recent call last):
  File "E:\研究\saferl\run\run_all_parallel.py", line 455, in main
    res = fut.result()
  File "D:\ProgramData\Anaconda3\lib\concurrent\futures\_base.py", line 439, in result
    return self.__get_result()
  File "D:\ProgramData\Anaconda3\lib\concurrent\futures\_base.py", line 391, in __get_result
    raise self._exception
ModuleNotFoundError: No module named 'torch'

[101/210] FAIL rq2 seed=42: No module named 'torch'
concurrent.futures.process._RemoteTraceback: 
"""
Traceback (most recent call last):
  File "D:\ProgramData\Anaconda3\lib\concurrent\futures\process.py", line 246, in _process_worker
    r = call_item.fn(*call_item.args, **call_item.kwargs)
  File "E:\研究\saferl\run\run_all_parallel.py", line 313, in run_job
    import torch
ModuleNotFoundError: No module named 'torch'
"""

The above exception was the direct cause of the following exception:

Traceback (most recent call last):
  File "E:\研究\saferl\run\run_all_parallel.py", line 455, in main
    res = fut.result()
  File "D:\ProgramData\Anaconda3\lib\concurrent\futures\_base.py", line 439, in result
    return self.__get_result()
  File "D:\ProgramData\Anaconda3\lib\concurrent\futures\_base.py", line 391, in __get_result
    raise self._exception
ModuleNotFoundError: No module named 'torch'

[102/210] FAIL rq2 seed=456: No module named 'torch'
concurrent.futures.process._RemoteTraceback: 
"""
Traceback (most recent call last):
  File "D:\ProgramData\Anaconda3\lib\concurrent\futures\process.py", line 246, in _process_worker
    r = call_item.fn(*call_item.args, **call_item.kwargs)
  File "E:\研究\saferl\run\run_all_parallel.py", line 313, in run_job
    import torch
ModuleNotFoundError: No module named 'torch'
"""

The above exception was the direct cause of the following exception:

Traceback (most recent call last):
  File "E:\研究\saferl\run\run_all_parallel.py", line 455, in main
    res = fut.result()
  File "D:\ProgramData\Anaconda3\lib\concurrent\futures\_base.py", line 439, in result
    return self.__get_result()
  File "D:\ProgramData\Anaconda3\lib\concurrent\futures\_base.py", line 391, in __get_result
    raise self._exception
ModuleNotFoundError: No module named 'torch'

[103/210] FAIL rq2 seed=789: No module named 'torch'
concurrent.futures.process._RemoteTraceback: 
"""
Traceback (most recent call last):
  File "D:\ProgramData\Anaconda3\lib\concurrent\futures\process.py", line 246, in _process_worker
    r = call_item.fn(*call_item.args, **call_item.kwargs)
  File "E:\研究\saferl\run\run_all_parallel.py", line 313, in run_job
    import torch
ModuleNotFoundError: No module named 'torch'
"""

The above exception was the direct cause of the following exception:

Traceback (most recent call last):
  File "E:\研究\saferl\run\run_all_parallel.py", line 455, in main
    res = fut.result()
  File "D:\ProgramData\Anaconda3\lib\concurrent\futures\_base.py", line 439, in result
    return self.__get_result()
  File "D:\ProgramData\Anaconda3\lib\concurrent\futures\_base.py", line 391, in __get_result
    raise self._exception
ModuleNotFoundError: No module named 'torch'

[104/210] FAIL rq2 seed=123: No module named 'torch'
concurrent.futures.process._RemoteTraceback: 
"""
Traceback (most recent call last):
  File "D:\ProgramData\Anaconda3\lib\concurrent\futures\process.py", line 246, in _process_worker
    r = call_item.fn(*call_item.args, **call_item.kwargs)
  File "E:\研究\saferl\run\run_all_parallel.py", line 313, in run_job
    import torch
ModuleNotFoundError: No module named 'torch'
"""

The above exception was the direct cause of the following exception:

Traceback (most recent call last):
  File "E:\研究\saferl\run\run_all_parallel.py", line 455, in main
    res = fut.result()
  File "D:\ProgramData\Anaconda3\lib\concurrent\futures\_base.py", line 439, in result
    return self.__get_result()
  File "D:\ProgramData\Anaconda3\lib\concurrent\futures\_base.py", line 391, in __get_result
    raise self._exception
ModuleNotFoundError: No module named 'torch'

[105/210] FAIL rq2 seed=2024: No module named 'torch'
concurrent.futures.process._RemoteTraceback: 
"""
Traceback (most recent call last):
  File "D:\ProgramData\Anaconda3\lib\concurrent\futures\process.py", line 246, in _process_worker
    r = call_item.fn(*call_item.args, **call_item.kwargs)
  File "E:\研究\saferl\run\run_all_parallel.py", line 313, in run_job
    import torch
ModuleNotFoundError: No module named 'torch'
"""

The above exception was the direct cause of the following exception:

Traceback (most recent call last):
  File "E:\研究\saferl\run\run_all_parallel.py", line 455, in main
    res = fut.result()
  File "D:\ProgramData\Anaconda3\lib\concurrent\futures\_base.py", line 439, in result
    return self.__get_result()
  File "D:\ProgramData\Anaconda3\lib\concurrent\futures\_base.py", line 391, in __get_result
    raise self._exception
ModuleNotFoundError: No module named 'torch'

[106/210] FAIL rq2 seed=123: No module named 'torch'
concurrent.futures.process._RemoteTraceback: 
"""
Traceback (most recent call last):
  File "D:\ProgramData\Anaconda3\lib\concurrent\futures\process.py", line 246, in _process_worker
    r = call_item.fn(*call_item.args, **call_item.kwargs)
  File "E:\研究\saferl\run\run_all_parallel.py", line 313, in run_job
    import torch
ModuleNotFoundError: No module named 'torch'
"""

The above exception was the direct cause of the following exception:

Traceback (most recent call last):
  File "E:\研究\saferl\run\run_all_parallel.py", line 455, in main
    res = fut.result()
  File "D:\ProgramData\Anaconda3\lib\concurrent\futures\_base.py", line 439, in result
    return self.__get_result()
  File "D:\ProgramData\Anaconda3\lib\concurrent\futures\_base.py", line 391, in __get_result
    raise self._exception
ModuleNotFoundError: No module named 'torch'

[107/210] FAIL rq2 seed=42: No module named 'torch'
concurrent.futures.process._RemoteTraceback: 
"""
Traceback (most recent call last):
  File "D:\ProgramData\Anaconda3\lib\concurrent\futures\process.py", line 246, in _process_worker
    r = call_item.fn(*call_item.args, **call_item.kwargs)
  File "E:\研究\saferl\run\run_all_parallel.py", line 313, in run_job
    import torch
ModuleNotFoundError: No module named 'torch'
"""

The above exception was the direct cause of the following exception:

Traceback (most recent call last):
  File "E:\研究\saferl\run\run_all_parallel.py", line 455, in main
    res = fut.result()
  File "D:\ProgramData\Anaconda3\lib\concurrent\futures\_base.py", line 439, in result
    return self.__get_result()
  File "D:\ProgramData\Anaconda3\lib\concurrent\futures\_base.py", line 391, in __get_result
    raise self._exception
ModuleNotFoundError: No module named 'torch'

[108/210] FAIL rq2 seed=456: No module named 'torch'
concurrent.futures.process._RemoteTraceback: 
"""
Traceback (most recent call last):
  File "D:\ProgramData\Anaconda3\lib\concurrent\futures\process.py", line 246, in _process_worker
    r = call_item.fn(*call_item.args, **call_item.kwargs)
  File "E:\研究\saferl\run\run_all_parallel.py", line 313, in run_job
    import torch
ModuleNotFoundError: No module named 'torch'
"""

The above exception was the direct cause of the following exception:

Traceback (most recent call last):
  File "E:\研究\saferl\run\run_all_parallel.py", line 455, in main
    res = fut.result()
  File "D:\ProgramData\Anaconda3\lib\concurrent\futures\_base.py", line 439, in result
    return self.__get_result()
  File "D:\ProgramData\Anaconda3\lib\concurrent\futures\_base.py", line 391, in __get_result
    raise self._exception
ModuleNotFoundError: No module named 'torch'

[109/210] FAIL rq2 seed=789: No module named 'torch'
concurrent.futures.process._RemoteTraceback: 
"""
Traceback (most recent call last):
  File "D:\ProgramData\Anaconda3\lib\concurrent\futures\process.py", line 246, in _process_worker
    r = call_item.fn(*call_item.args, **call_item.kwargs)
  File "E:\研究\saferl\run\run_all_parallel.py", line 313, in run_job
    import torch
ModuleNotFoundError: No module named 'torch'
"""

The above exception was the direct cause of the following exception:

Traceback (most recent call last):
  File "E:\研究\saferl\run\run_all_parallel.py", line 455, in main
    res = fut.result()
  File "D:\ProgramData\Anaconda3\lib\concurrent\futures\_base.py", line 439, in result
    return self.__get_result()
  File "D:\ProgramData\Anaconda3\lib\concurrent\futures\_base.py", line 391, in __get_result
    raise self._exception
ModuleNotFoundError: No module named 'torch'

[110/210] FAIL rq2 seed=42: No module named 'torch'
concurrent.futures.process._RemoteTraceback: 
"""
Traceback (most recent call last):
  File "D:\ProgramData\Anaconda3\lib\concurrent\futures\process.py", line 246, in _process_worker
    r = call_item.fn(*call_item.args, **call_item.kwargs)
  File "E:\研究\saferl\run\run_all_parallel.py", line 313, in run_job
    import torch
ModuleNotFoundError: No module named 'torch'
"""

The above exception was the direct cause of the following exception:

Traceback (most recent call last):
  File "E:\研究\saferl\run\run_all_parallel.py", line 455, in main
    res = fut.result()
  File "D:\ProgramData\Anaconda3\lib\concurrent\futures\_base.py", line 439, in result
    return self.__get_result()
  File "D:\ProgramData\Anaconda3\lib\concurrent\futures\_base.py", line 391, in __get_result
    raise self._exception
ModuleNotFoundError: No module named 'torch'

[111/210] FAIL rq2 seed=2024: No module named 'torch'
concurrent.futures.process._RemoteTraceback: 
"""
Traceback (most recent call last):
  File "D:\ProgramData\Anaconda3\lib\concurrent\futures\process.py", line 246, in _process_worker
    r = call_item.fn(*call_item.args, **call_item.kwargs)
  File "E:\研究\saferl\run\run_all_parallel.py", line 313, in run_job
    import torch
ModuleNotFoundError: No module named 'torch'
"""

The above exception was the direct cause of the following exception:

Traceback (most recent call last):
  File "E:\研究\saferl\run\run_all_parallel.py", line 455, in main
    res = fut.result()
  File "D:\ProgramData\Anaconda3\lib\concurrent\futures\_base.py", line 439, in result
    return self.__get_result()
  File "D:\ProgramData\Anaconda3\lib\concurrent\futures\_base.py", line 391, in __get_result
    raise self._exception
ModuleNotFoundError: No module named 'torch'

[112/210] FAIL rq2 seed=123: No module named 'torch'
concurrent.futures.process._RemoteTraceback: 
"""
Traceback (most recent call last):
  File "D:\ProgramData\Anaconda3\lib\concurrent\futures\process.py", line 246, in _process_worker
    r = call_item.fn(*call_item.args, **call_item.kwargs)
  File "E:\研究\saferl\run\run_all_parallel.py", line 313, in run_job
    import torch
ModuleNotFoundError: No module named 'torch'
"""

The above exception was the direct cause of the following exception:

Traceback (most recent call last):
  File "E:\研究\saferl\run\run_all_parallel.py", line 455, in main
    res = fut.result()
  File "D:\ProgramData\Anaconda3\lib\concurrent\futures\_base.py", line 439, in result
    return self.__get_result()
  File "D:\ProgramData\Anaconda3\lib\concurrent\futures\_base.py", line 391, in __get_result
    raise self._exception
ModuleNotFoundError: No module named 'torch'

[113/210] FAIL rq2 seed=456: No module named 'torch'
concurrent.futures.process._RemoteTraceback: 
"""
Traceback (most recent call last):
  File "D:\ProgramData\Anaconda3\lib\concurrent\futures\process.py", line 246, in _process_worker
    r = call_item.fn(*call_item.args, **call_item.kwargs)
  File "E:\研究\saferl\run\run_all_parallel.py", line 313, in run_job
    import torch
ModuleNotFoundError: No module named 'torch'
"""

The above exception was the direct cause of the following exception:

Traceback (most recent call last):
  File "E:\研究\saferl\run\run_all_parallel.py", line 455, in main
    res = fut.result()
  File "D:\ProgramData\Anaconda3\lib\concurrent\futures\_base.py", line 439, in result
    return self.__get_result()
  File "D:\ProgramData\Anaconda3\lib\concurrent\futures\_base.py", line 391, in __get_result
    raise self._exception
ModuleNotFoundError: No module named 'torch'

[114/210] FAIL rq2 seed=789: No module named 'torch'
concurrent.futures.process._RemoteTraceback: 
"""
Traceback (most recent call last):
  File "D:\ProgramData\Anaconda3\lib\concurrent\futures\process.py", line 246, in _process_worker
    r = call_item.fn(*call_item.args, **call_item.kwargs)
  File "E:\研究\saferl\run\run_all_parallel.py", line 313, in run_job
    import torch
ModuleNotFoundError: No module named 'torch'
"""

The above exception was the direct cause of the following exception:

Traceback (most recent call last):
  File "E:\研究\saferl\run\run_all_parallel.py", line 455, in main
    res = fut.result()
  File "D:\ProgramData\Anaconda3\lib\concurrent\futures\_base.py", line 439, in result
    return self.__get_result()
  File "D:\ProgramData\Anaconda3\lib\concurrent\futures\_base.py", line 391, in __get_result
    raise self._exception
ModuleNotFoundError: No module named 'torch'

[115/210] FAIL rq2 seed=2024: No module named 'torch'
concurrent.futures.process._RemoteTraceback: 
"""
Traceback (most recent call last):
  File "D:\ProgramData\Anaconda3\lib\concurrent\futures\process.py", line 246, in _process_worker
    r = call_item.fn(*call_item.args, **call_item.kwargs)
  File "E:\研究\saferl\run\run_all_parallel.py", line 313, in run_job
    import torch
ModuleNotFoundError: No module named 'torch'
"""

The above exception was the direct cause of the following exception:

Traceback (most recent call last):
  File "E:\研究\saferl\run\run_all_parallel.py", line 455, in main
    res = fut.result()
  File "D:\ProgramData\Anaconda3\lib\concurrent\futures\_base.py", line 439, in result
    return self.__get_result()
  File "D:\ProgramData\Anaconda3\lib\concurrent\futures\_base.py", line 391, in __get_result
    raise self._exception
ModuleNotFoundError: No module named 'torch'

[116/210] FAIL rq2 seed=42: No module named 'torch'
concurrent.futures.process._RemoteTraceback: 
"""
Traceback (most recent call last):
  File "D:\ProgramData\Anaconda3\lib\concurrent\futures\process.py", line 246, in _process_worker
    r = call_item.fn(*call_item.args, **call_item.kwargs)
  File "E:\研究\saferl\run\run_all_parallel.py", line 313, in run_job
    import torch
ModuleNotFoundError: No module named 'torch'
"""

The above exception was the direct cause of the following exception:

Traceback (most recent call last):
  File "E:\研究\saferl\run\run_all_parallel.py", line 455, in main
    res = fut.result()
  File "D:\ProgramData\Anaconda3\lib\concurrent\futures\_base.py", line 439, in result
    return self.__get_result()
  File "D:\ProgramData\Anaconda3\lib\concurrent\futures\_base.py", line 391, in __get_result
    raise self._exception
ModuleNotFoundError: No module named 'torch'

[117/210] FAIL rq2 seed=123: No module named 'torch'
concurrent.futures.process._RemoteTraceback: 
"""
Traceback (most recent call last):
  File "D:\ProgramData\Anaconda3\lib\concurrent\futures\process.py", line 246, in _process_worker
    r = call_item.fn(*call_item.args, **call_item.kwargs)
  File "E:\研究\saferl\run\run_all_parallel.py", line 313, in run_job
    import torch
ModuleNotFoundError: No module named 'torch'
"""

The above exception was the direct cause of the following exception:

Traceback (most recent call last):
  File "E:\研究\saferl\run\run_all_parallel.py", line 455, in main
    res = fut.result()
  File "D:\ProgramData\Anaconda3\lib\concurrent\futures\_base.py", line 439, in result
    return self.__get_result()
  File "D:\ProgramData\Anaconda3\lib\concurrent\futures\_base.py", line 391, in __get_result
    raise self._exception
ModuleNotFoundError: No module named 'torch'

[118/210] FAIL rq2 seed=456: No module named 'torch'
concurrent.futures.process._RemoteTraceback: 
"""
Traceback (most recent call last):
  File "D:\ProgramData\Anaconda3\lib\concurrent\futures\process.py", line 246, in _process_worker
    r = call_item.fn(*call_item.args, **call_item.kwargs)
  File "E:\研究\saferl\run\run_all_parallel.py", line 313, in run_job
    import torch
ModuleNotFoundError: No module named 'torch'
"""

The above exception was the direct cause of the following exception:

Traceback (most recent call last):
  File "E:\研究\saferl\run\run_all_parallel.py", line 455, in main
    res = fut.result()
  File "D:\ProgramData\Anaconda3\lib\concurrent\futures\_base.py", line 439, in result
    return self.__get_result()
  File "D:\ProgramData\Anaconda3\lib\concurrent\futures\_base.py", line 391, in __get_result
    raise self._exception
ModuleNotFoundError: No module named 'torch'

[119/210] FAIL rq2 seed=789: No module named 'torch'
concurrent.futures.process._RemoteTraceback: 
"""
Traceback (most recent call last):
  File "D:\ProgramData\Anaconda3\lib\concurrent\futures\process.py", line 246, in _process_worker
    r = call_item.fn(*call_item.args, **call_item.kwargs)
  File "E:\研究\saferl\run\run_all_parallel.py", line 313, in run_job
    import torch
ModuleNotFoundError: No module named 'torch'
"""

The above exception was the direct cause of the following exception:

Traceback (most recent call last):
  File "E:\研究\saferl\run\run_all_parallel.py", line 455, in main
    res = fut.result()
  File "D:\ProgramData\Anaconda3\lib\concurrent\futures\_base.py", line 439, in result
    return self.__get_result()
  File "D:\ProgramData\Anaconda3\lib\concurrent\futures\_base.py", line 391, in __get_result
    raise self._exception
ModuleNotFoundError: No module named 'torch'

[120/210] FAIL rq2 seed=2024: No module named 'torch'
concurrent.futures.process._RemoteTraceback: 
"""
Traceback (most recent call last):
  File "D:\ProgramData\Anaconda3\lib\concurrent\futures\process.py", line 246, in _process_worker
    r = call_item.fn(*call_item.args, **call_item.kwargs)
  File "E:\研究\saferl\run\run_all_parallel.py", line 313, in run_job
    import torch
ModuleNotFoundError: No module named 'torch'
"""

The above exception was the direct cause of the following exception:

Traceback (most recent call last):
  File "E:\研究\saferl\run\run_all_parallel.py", line 455, in main
    res = fut.result()
  File "D:\ProgramData\Anaconda3\lib\concurrent\futures\_base.py", line 439, in result
    return self.__get_result()
  File "D:\ProgramData\Anaconda3\lib\concurrent\futures\_base.py", line 391, in __get_result
    raise self._exception
ModuleNotFoundError: No module named 'torch'

[121/210] FAIL rq2 seed=42: No module named 'torch'
concurrent.futures.process._RemoteTraceback: 
"""
Traceback (most recent call last):
  File "D:\ProgramData\Anaconda3\lib\concurrent\futures\process.py", line 246, in _process_worker
    r = call_item.fn(*call_item.args, **call_item.kwargs)
  File "E:\研究\saferl\run\run_all_parallel.py", line 313, in run_job
    import torch
ModuleNotFoundError: No module named 'torch'
"""

The above exception was the direct cause of the following exception:

Traceback (most recent call last):
  File "E:\研究\saferl\run\run_all_parallel.py", line 455, in main
    res = fut.result()
  File "D:\ProgramData\Anaconda3\lib\concurrent\futures\_base.py", line 439, in result
    return self.__get_result()
  File "D:\ProgramData\Anaconda3\lib\concurrent\futures\_base.py", line 391, in __get_result
    raise self._exception
ModuleNotFoundError: No module named 'torch'

[122/210] FAIL rq2 seed=123: No module named 'torch'
concurrent.futures.process._RemoteTraceback: 
"""
Traceback (most recent call last):
  File "D:\ProgramData\Anaconda3\lib\concurrent\futures\process.py", line 246, in _process_worker
    r = call_item.fn(*call_item.args, **call_item.kwargs)
  File "E:\研究\saferl\run\run_all_parallel.py", line 313, in run_job
    import torch
ModuleNotFoundError: No module named 'torch'
"""

The above exception was the direct cause of the following exception:

Traceback (most recent call last):
  File "E:\研究\saferl\run\run_all_parallel.py", line 455, in main
    res = fut.result()
  File "D:\ProgramData\Anaconda3\lib\concurrent\futures\_base.py", line 439, in result
    return self.__get_result()
  File "D:\ProgramData\Anaconda3\lib\concurrent\futures\_base.py", line 391, in __get_result
    raise self._exception
ModuleNotFoundError: No module named 'torch'

[123/210] FAIL rq2 seed=789: No module named 'torch'
concurrent.futures.process._RemoteTraceback: 
"""
Traceback (most recent call last):
  File "D:\ProgramData\Anaconda3\lib\concurrent\futures\process.py", line 246, in _process_worker
    r = call_item.fn(*call_item.args, **call_item.kwargs)
  File "E:\研究\saferl\run\run_all_parallel.py", line 313, in run_job
    import torch
ModuleNotFoundError: No module named 'torch'
"""

The above exception was the direct cause of the following exception:

Traceback (most recent call last):
  File "E:\研究\saferl\run\run_all_parallel.py", line 455, in main
    res = fut.result()
  File "D:\ProgramData\Anaconda3\lib\concurrent\futures\_base.py", line 439, in result
    return self.__get_result()
  File "D:\ProgramData\Anaconda3\lib\concurrent\futures\_base.py", line 391, in __get_result
    raise self._exception
ModuleNotFoundError: No module named 'torch'

[124/210] FAIL rq2 seed=2024: No module named 'torch'
concurrent.futures.process._RemoteTraceback: 
"""
Traceback (most recent call last):
  File "D:\ProgramData\Anaconda3\lib\concurrent\futures\process.py", line 246, in _process_worker
    r = call_item.fn(*call_item.args, **call_item.kwargs)
  File "E:\研究\saferl\run\run_all_parallel.py", line 313, in run_job
    import torch
ModuleNotFoundError: No module named 'torch'
"""

The above exception was the direct cause of the following exception:

Traceback (most recent call last):
  File "E:\研究\saferl\run\run_all_parallel.py", line 455, in main
    res = fut.result()
  File "D:\ProgramData\Anaconda3\lib\concurrent\futures\_base.py", line 439, in result
    return self.__get_result()
  File "D:\ProgramData\Anaconda3\lib\concurrent\futures\_base.py", line 391, in __get_result
    raise self._exception
ModuleNotFoundError: No module named 'torch'

[125/210] FAIL rq2 seed=456: No module named 'torch'
concurrent.futures.process._RemoteTraceback: 
"""
Traceback (most recent call last):
  File "D:\ProgramData\Anaconda3\lib\concurrent\futures\process.py", line 246, in _process_worker
    r = call_item.fn(*call_item.args, **call_item.kwargs)
  File "E:\研究\saferl\run\run_all_parallel.py", line 313, in run_job
    import torch
ModuleNotFoundError: No module named 'torch'
"""

The above exception was the direct cause of the following exception:

Traceback (most recent call last):
  File "E:\研究\saferl\run\run_all_parallel.py", line 455, in main
    res = fut.result()
  File "D:\ProgramData\Anaconda3\lib\concurrent\futures\_base.py", line 439, in result
    return self.__get_result()
  File "D:\ProgramData\Anaconda3\lib\concurrent\futures\_base.py", line 391, in __get_result
    raise self._exception
ModuleNotFoundError: No module named 'torch'

[126/210] FAIL rq2 seed=42: No module named 'torch'
concurrent.futures.process._RemoteTraceback: 
"""
Traceback (most recent call last):
  File "D:\ProgramData\Anaconda3\lib\concurrent\futures\process.py", line 246, in _process_worker
    r = call_item.fn(*call_item.args, **call_item.kwargs)
  File "E:\研究\saferl\run\run_all_parallel.py", line 313, in run_job
    import torch
ModuleNotFoundError: No module named 'torch'
"""

The above exception was the direct cause of the following exception:

Traceback (most recent call last):
  File "E:\研究\saferl\run\run_all_parallel.py", line 455, in main
    res = fut.result()
  File "D:\ProgramData\Anaconda3\lib\concurrent\futures\_base.py", line 439, in result
    return self.__get_result()
  File "D:\ProgramData\Anaconda3\lib\concurrent\futures\_base.py", line 391, in __get_result
    raise self._exception
ModuleNotFoundError: No module named 'torch'

[127/210] FAIL rq2 seed=123: No module named 'torch'
concurrent.futures.process._RemoteTraceback: 
"""
Traceback (most recent call last):
  File "D:\ProgramData\Anaconda3\lib\concurrent\futures\process.py", line 246, in _process_worker
    r = call_item.fn(*call_item.args, **call_item.kwargs)
  File "E:\研究\saferl\run\run_all_parallel.py", line 313, in run_job
    import torch
ModuleNotFoundError: No module named 'torch'
"""

The above exception was the direct cause of the following exception:

Traceback (most recent call last):
  File "E:\研究\saferl\run\run_all_parallel.py", line 455, in main
    res = fut.result()
  File "D:\ProgramData\Anaconda3\lib\concurrent\futures\_base.py", line 439, in result
    return self.__get_result()
  File "D:\ProgramData\Anaconda3\lib\concurrent\futures\_base.py", line 391, in __get_result
    raise self._exception
ModuleNotFoundError: No module named 'torch'

[128/210] FAIL rq2 seed=456: No module named 'torch'
concurrent.futures.process._RemoteTraceback: 
"""
Traceback (most recent call last):
  File "D:\ProgramData\Anaconda3\lib\concurrent\futures\process.py", line 246, in _process_worker
    r = call_item.fn(*call_item.args, **call_item.kwargs)
  File "E:\研究\saferl\run\run_all_parallel.py", line 313, in run_job
    import torch
ModuleNotFoundError: No module named 'torch'
"""

The above exception was the direct cause of the following exception:

Traceback (most recent call last):
  File "E:\研究\saferl\run\run_all_parallel.py", line 455, in main
    res = fut.result()
  File "D:\ProgramData\Anaconda3\lib\concurrent\futures\_base.py", line 439, in result
    return self.__get_result()
  File "D:\ProgramData\Anaconda3\lib\concurrent\futures\_base.py", line 391, in __get_result
    raise self._exception
ModuleNotFoundError: No module named 'torch'

[129/210] FAIL rq2 seed=789: No module named 'torch'
concurrent.futures.process._RemoteTraceback: 
"""
Traceback (most recent call last):
  File "D:\ProgramData\Anaconda3\lib\concurrent\futures\process.py", line 246, in _process_worker
    r = call_item.fn(*call_item.args, **call_item.kwargs)
  File "E:\研究\saferl\run\run_all_parallel.py", line 313, in run_job
    import torch
ModuleNotFoundError: No module named 'torch'
"""

The above exception was the direct cause of the following exception:

Traceback (most recent call last):
  File "E:\研究\saferl\run\run_all_parallel.py", line 455, in main
    res = fut.result()
  File "D:\ProgramData\Anaconda3\lib\concurrent\futures\_base.py", line 439, in result
    return self.__get_result()
  File "D:\ProgramData\Anaconda3\lib\concurrent\futures\_base.py", line 391, in __get_result
    raise self._exception
ModuleNotFoundError: No module named 'torch'

[130/210] FAIL rq2 seed=2024: No module named 'torch'
concurrent.futures.process._RemoteTraceback: 
"""
Traceback (most recent call last):
  File "D:\ProgramData\Anaconda3\lib\concurrent\futures\process.py", line 246, in _process_worker
    r = call_item.fn(*call_item.args, **call_item.kwargs)
  File "E:\研究\saferl\run\run_all_parallel.py", line 313, in run_job
    import torch
ModuleNotFoundError: No module named 'torch'
"""

The above exception was the direct cause of the following exception:

Traceback (most recent call last):
  File "E:\研究\saferl\run\run_all_parallel.py", line 455, in main
    res = fut.result()
  File "D:\ProgramData\Anaconda3\lib\concurrent\futures\_base.py", line 439, in result
    return self.__get_result()
  File "D:\ProgramData\Anaconda3\lib\concurrent\futures\_base.py", line 391, in __get_result
    raise self._exception
ModuleNotFoundError: No module named 'torch'

[131/210] FAIL rq2 seed=42: No module named 'torch'
concurrent.futures.process._RemoteTraceback: 
"""
Traceback (most recent call last):
  File "D:\ProgramData\Anaconda3\lib\concurrent\futures\process.py", line 246, in _process_worker
    r = call_item.fn(*call_item.args, **call_item.kwargs)
  File "E:\研究\saferl\run\run_all_parallel.py", line 313, in run_job
    import torch
ModuleNotFoundError: No module named 'torch'
"""

The above exception was the direct cause of the following exception:

Traceback (most recent call last):
  File "E:\研究\saferl\run\run_all_parallel.py", line 455, in main
    res = fut.result()
  File "D:\ProgramData\Anaconda3\lib\concurrent\futures\_base.py", line 439, in result
    return self.__get_result()
  File "D:\ProgramData\Anaconda3\lib\concurrent\futures\_base.py", line 391, in __get_result
    raise self._exception
ModuleNotFoundError: No module named 'torch'

[132/210] FAIL rq2 seed=123: No module named 'torch'
concurrent.futures.process._RemoteTraceback: 
"""
Traceback (most recent call last):
  File "D:\ProgramData\Anaconda3\lib\concurrent\futures\process.py", line 246, in _process_worker
    r = call_item.fn(*call_item.args, **call_item.kwargs)
  File "E:\研究\saferl\run\run_all_parallel.py", line 313, in run_job
    import torch
ModuleNotFoundError: No module named 'torch'
"""

The above exception was the direct cause of the following exception:

Traceback (most recent call last):
  File "E:\研究\saferl\run\run_all_parallel.py", line 455, in main
    res = fut.result()
  File "D:\ProgramData\Anaconda3\lib\concurrent\futures\_base.py", line 439, in result
    return self.__get_result()
  File "D:\ProgramData\Anaconda3\lib\concurrent\futures\_base.py", line 391, in __get_result
    raise self._exception
ModuleNotFoundError: No module named 'torch'

[133/210] FAIL rq2 seed=456: No module named 'torch'
concurrent.futures.process._RemoteTraceback: 
"""
Traceback (most recent call last):
  File "D:\ProgramData\Anaconda3\lib\concurrent\futures\process.py", line 246, in _process_worker
    r = call_item.fn(*call_item.args, **call_item.kwargs)
  File "E:\研究\saferl\run\run_all_parallel.py", line 313, in run_job
    import torch
ModuleNotFoundError: No module named 'torch'
"""

The above exception was the direct cause of the following exception:

Traceback (most recent call last):
  File "E:\研究\saferl\run\run_all_parallel.py", line 455, in main
    res = fut.result()
  File "D:\ProgramData\Anaconda3\lib\concurrent\futures\_base.py", line 439, in result
    return self.__get_result()
  File "D:\ProgramData\Anaconda3\lib\concurrent\futures\_base.py", line 391, in __get_result
    raise self._exception
ModuleNotFoundError: No module named 'torch'

[134/210] FAIL rq2 seed=789: No module named 'torch'
concurrent.futures.process._RemoteTraceback: 
"""
Traceback (most recent call last):
  File "D:\ProgramData\Anaconda3\lib\concurrent\futures\process.py", line 246, in _process_worker
    r = call_item.fn(*call_item.args, **call_item.kwargs)
  File "E:\研究\saferl\run\run_all_parallel.py", line 313, in run_job
    import torch
ModuleNotFoundError: No module named 'torch'
"""

The above exception was the direct cause of the following exception:

Traceback (most recent call last):
  File "E:\研究\saferl\run\run_all_parallel.py", line 455, in main
    res = fut.result()
  File "D:\ProgramData\Anaconda3\lib\concurrent\futures\_base.py", line 439, in result
    return self.__get_result()
  File "D:\ProgramData\Anaconda3\lib\concurrent\futures\_base.py", line 391, in __get_result
    raise self._exception
ModuleNotFoundError: No module named 'torch'

[135/210] FAIL rq2 seed=2024: No module named 'torch'
concurrent.futures.process._RemoteTraceback: 
"""
Traceback (most recent call last):
  File "D:\ProgramData\Anaconda3\lib\concurrent\futures\process.py", line 246, in _process_worker
    r = call_item.fn(*call_item.args, **call_item.kwargs)
  File "E:\研究\saferl\run\run_all_parallel.py", line 313, in run_job
    import torch
ModuleNotFoundError: No module named 'torch'
"""

The above exception was the direct cause of the following exception:

Traceback (most recent call last):
  File "E:\研究\saferl\run\run_all_parallel.py", line 455, in main
    res = fut.result()
  File "D:\ProgramData\Anaconda3\lib\concurrent\futures\_base.py", line 439, in result
    return self.__get_result()
  File "D:\ProgramData\Anaconda3\lib\concurrent\futures\_base.py", line 391, in __get_result
    raise self._exception
ModuleNotFoundError: No module named 'torch'

[136/210] FAIL rq2 seed=42: No module named 'torch'
concurrent.futures.process._RemoteTraceback: 
"""
Traceback (most recent call last):
  File "D:\ProgramData\Anaconda3\lib\concurrent\futures\process.py", line 246, in _process_worker
    r = call_item.fn(*call_item.args, **call_item.kwargs)
  File "E:\研究\saferl\run\run_all_parallel.py", line 313, in run_job
    import torch
ModuleNotFoundError: No module named 'torch'
"""

The above exception was the direct cause of the following exception:

Traceback (most recent call last):
  File "E:\研究\saferl\run\run_all_parallel.py", line 455, in main
    res = fut.result()
  File "D:\ProgramData\Anaconda3\lib\concurrent\futures\_base.py", line 439, in result
    return self.__get_result()
  File "D:\ProgramData\Anaconda3\lib\concurrent\futures\_base.py", line 391, in __get_result
    raise self._exception
ModuleNotFoundError: No module named 'torch'

[137/210] FAIL rq2 seed=123: No module named 'torch'
concurrent.futures.process._RemoteTraceback: 
"""
Traceback (most recent call last):
  File "D:\ProgramData\Anaconda3\lib\concurrent\futures\process.py", line 246, in _process_worker
    r = call_item.fn(*call_item.args, **call_item.kwargs)
  File "E:\研究\saferl\run\run_all_parallel.py", line 313, in run_job
    import torch
ModuleNotFoundError: No module named 'torch'
"""

The above exception was the direct cause of the following exception:

Traceback (most recent call last):
  File "E:\研究\saferl\run\run_all_parallel.py", line 455, in main
    res = fut.result()
  File "D:\ProgramData\Anaconda3\lib\concurrent\futures\_base.py", line 439, in result
    return self.__get_result()
  File "D:\ProgramData\Anaconda3\lib\concurrent\futures\_base.py", line 391, in __get_result
    raise self._exception
ModuleNotFoundError: No module named 'torch'

[138/210] FAIL rq2 seed=456: No module named 'torch'
concurrent.futures.process._RemoteTraceback: 
"""
Traceback (most recent call last):
  File "D:\ProgramData\Anaconda3\lib\concurrent\futures\process.py", line 246, in _process_worker
    r = call_item.fn(*call_item.args, **call_item.kwargs)
  File "E:\研究\saferl\run\run_all_parallel.py", line 313, in run_job
    import torch
ModuleNotFoundError: No module named 'torch'
"""

The above exception was the direct cause of the following exception:

Traceback (most recent call last):
  File "E:\研究\saferl\run\run_all_parallel.py", line 455, in main
    res = fut.result()
  File "D:\ProgramData\Anaconda3\lib\concurrent\futures\_base.py", line 439, in result
    return self.__get_result()
  File "D:\ProgramData\Anaconda3\lib\concurrent\futures\_base.py", line 391, in __get_result
    raise self._exception
ModuleNotFoundError: No module named 'torch'

[139/210] FAIL rq2 seed=789: No module named 'torch'
concurrent.futures.process._RemoteTraceback: 
"""
Traceback (most recent call last):
  File "D:\ProgramData\Anaconda3\lib\concurrent\futures\process.py", line 246, in _process_worker
    r = call_item.fn(*call_item.args, **call_item.kwargs)
  File "E:\研究\saferl\run\run_all_parallel.py", line 313, in run_job
    import torch
ModuleNotFoundError: No module named 'torch'
"""

The above exception was the direct cause of the following exception:

Traceback (most recent call last):
  File "E:\研究\saferl\run\run_all_parallel.py", line 455, in main
    res = fut.result()
  File "D:\ProgramData\Anaconda3\lib\concurrent\futures\_base.py", line 439, in result
    return self.__get_result()
  File "D:\ProgramData\Anaconda3\lib\concurrent\futures\_base.py", line 391, in __get_result
    raise self._exception
ModuleNotFoundError: No module named 'torch'

[140/210] FAIL rq2 seed=2024: No module named 'torch'
concurrent.futures.process._RemoteTraceback: 
"""
Traceback (most recent call last):
  File "D:\ProgramData\Anaconda3\lib\concurrent\futures\process.py", line 246, in _process_worker
    r = call_item.fn(*call_item.args, **call_item.kwargs)
  File "E:\研究\saferl\run\run_all_parallel.py", line 313, in run_job
    import torch
ModuleNotFoundError: No module named 'torch'
"""

The above exception was the direct cause of the following exception:

Traceback (most recent call last):
  File "E:\研究\saferl\run\run_all_parallel.py", line 455, in main
    res = fut.result()
  File "D:\ProgramData\Anaconda3\lib\concurrent\futures\_base.py", line 439, in result
    return self.__get_result()
  File "D:\ProgramData\Anaconda3\lib\concurrent\futures\_base.py", line 391, in __get_result
    raise self._exception
ModuleNotFoundError: No module named 'torch'

[141/210] FAIL rq2 seed=42: No module named 'torch'
concurrent.futures.process._RemoteTraceback: 
"""
Traceback (most recent call last):
  File "D:\ProgramData\Anaconda3\lib\concurrent\futures\process.py", line 246, in _process_worker
    r = call_item.fn(*call_item.args, **call_item.kwargs)
  File "E:\研究\saferl\run\run_all_parallel.py", line 313, in run_job
    import torch
ModuleNotFoundError: No module named 'torch'
"""

The above exception was the direct cause of the following exception:

Traceback (most recent call last):
  File "E:\研究\saferl\run\run_all_parallel.py", line 455, in main
    res = fut.result()
  File "D:\ProgramData\Anaconda3\lib\concurrent\futures\_base.py", line 439, in result
    return self.__get_result()
  File "D:\ProgramData\Anaconda3\lib\concurrent\futures\_base.py", line 391, in __get_result
    raise self._exception
ModuleNotFoundError: No module named 'torch'

[142/210] FAIL rq2 seed=123: No module named 'torch'
concurrent.futures.process._RemoteTraceback: 
"""
Traceback (most recent call last):
  File "D:\ProgramData\Anaconda3\lib\concurrent\futures\process.py", line 246, in _process_worker
    r = call_item.fn(*call_item.args, **call_item.kwargs)
  File "E:\研究\saferl\run\run_all_parallel.py", line 313, in run_job
    import torch
ModuleNotFoundError: No module named 'torch'
"""

The above exception was the direct cause of the following exception:

Traceback (most recent call last):
  File "E:\研究\saferl\run\run_all_parallel.py", line 455, in main
    res = fut.result()
  File "D:\ProgramData\Anaconda3\lib\concurrent\futures\_base.py", line 439, in result
    return self.__get_result()
  File "D:\ProgramData\Anaconda3\lib\concurrent\futures\_base.py", line 391, in __get_result
    raise self._exception
ModuleNotFoundError: No module named 'torch'

[143/210] FAIL rq2 seed=456: No module named 'torch'
concurrent.futures.process._RemoteTraceback: 
"""
Traceback (most recent call last):
  File "D:\ProgramData\Anaconda3\lib\concurrent\futures\process.py", line 246, in _process_worker
    r = call_item.fn(*call_item.args, **call_item.kwargs)
  File "E:\研究\saferl\run\run_all_parallel.py", line 313, in run_job
    import torch
ModuleNotFoundError: No module named 'torch'
"""

The above exception was the direct cause of the following exception:

Traceback (most recent call last):
  File "E:\研究\saferl\run\run_all_parallel.py", line 455, in main
    res = fut.result()
  File "D:\ProgramData\Anaconda3\lib\concurrent\futures\_base.py", line 439, in result
    return self.__get_result()
  File "D:\ProgramData\Anaconda3\lib\concurrent\futures\_base.py", line 391, in __get_result
    raise self._exception
ModuleNotFoundError: No module named 'torch'

[144/210] FAIL rq2 seed=789: No module named 'torch'
concurrent.futures.process._RemoteTraceback: 
"""
Traceback (most recent call last):
  File "D:\ProgramData\Anaconda3\lib\concurrent\futures\process.py", line 246, in _process_worker
    r = call_item.fn(*call_item.args, **call_item.kwargs)
  File "E:\研究\saferl\run\run_all_parallel.py", line 313, in run_job
    import torch
ModuleNotFoundError: No module named 'torch'
"""

The above exception was the direct cause of the following exception:

Traceback (most recent call last):
  File "E:\研究\saferl\run\run_all_parallel.py", line 455, in main
    res = fut.result()
  File "D:\ProgramData\Anaconda3\lib\concurrent\futures\_base.py", line 439, in result
    return self.__get_result()
  File "D:\ProgramData\Anaconda3\lib\concurrent\futures\_base.py", line 391, in __get_result
    raise self._exception
ModuleNotFoundError: No module named 'torch'

[145/210] FAIL rq2 seed=2024: No module named 'torch'
concurrent.futures.process._RemoteTraceback: 
"""
Traceback (most recent call last):
  File "D:\ProgramData\Anaconda3\lib\concurrent\futures\process.py", line 246, in _process_worker
    r = call_item.fn(*call_item.args, **call_item.kwargs)
  File "E:\研究\saferl\run\run_all_parallel.py", line 313, in run_job
    import torch
ModuleNotFoundError: No module named 'torch'
"""

The above exception was the direct cause of the following exception:

Traceback (most recent call last):
  File "E:\研究\saferl\run\run_all_parallel.py", line 455, in main
    res = fut.result()
  File "D:\ProgramData\Anaconda3\lib\concurrent\futures\_base.py", line 439, in result
    return self.__get_result()
  File "D:\ProgramData\Anaconda3\lib\concurrent\futures\_base.py", line 391, in __get_result
    raise self._exception
ModuleNotFoundError: No module named 'torch'

[146/210] FAIL rq2 seed=42: No module named 'torch'
concurrent.futures.process._RemoteTraceback: 
"""
Traceback (most recent call last):
  File "D:\ProgramData\Anaconda3\lib\concurrent\futures\process.py", line 246, in _process_worker
    r = call_item.fn(*call_item.args, **call_item.kwargs)
  File "E:\研究\saferl\run\run_all_parallel.py", line 313, in run_job
    import torch
ModuleNotFoundError: No module named 'torch'
"""

The above exception was the direct cause of the following exception:

Traceback (most recent call last):
  File "E:\研究\saferl\run\run_all_parallel.py", line 455, in main
    res = fut.result()
  File "D:\ProgramData\Anaconda3\lib\concurrent\futures\_base.py", line 439, in result
    return self.__get_result()
  File "D:\ProgramData\Anaconda3\lib\concurrent\futures\_base.py", line 391, in __get_result
    raise self._exception
ModuleNotFoundError: No module named 'torch'

[147/210] FAIL rq2 seed=123: No module named 'torch'
concurrent.futures.process._RemoteTraceback: 
"""
Traceback (most recent call last):
  File "D:\ProgramData\Anaconda3\lib\concurrent\futures\process.py", line 246, in _process_worker
    r = call_item.fn(*call_item.args, **call_item.kwargs)
  File "E:\研究\saferl\run\run_all_parallel.py", line 313, in run_job
    import torch
ModuleNotFoundError: No module named 'torch'
"""

The above exception was the direct cause of the following exception:

Traceback (most recent call last):
  File "E:\研究\saferl\run\run_all_parallel.py", line 455, in main
    res = fut.result()
  File "D:\ProgramData\Anaconda3\lib\concurrent\futures\_base.py", line 439, in result
    return self.__get_result()
  File "D:\ProgramData\Anaconda3\lib\concurrent\futures\_base.py", line 391, in __get_result
    raise self._exception
ModuleNotFoundError: No module named 'torch'

[148/210] FAIL rq2 seed=456: No module named 'torch'
concurrent.futures.process._RemoteTraceback: 
"""
Traceback (most recent call last):
  File "D:\ProgramData\Anaconda3\lib\concurrent\futures\process.py", line 246, in _process_worker
    r = call_item.fn(*call_item.args, **call_item.kwargs)
  File "E:\研究\saferl\run\run_all_parallel.py", line 313, in run_job
    import torch
ModuleNotFoundError: No module named 'torch'
"""

The above exception was the direct cause of the following exception:

Traceback (most recent call last):
  File "E:\研究\saferl\run\run_all_parallel.py", line 455, in main
    res = fut.result()
  File "D:\ProgramData\Anaconda3\lib\concurrent\futures\_base.py", line 439, in result
    return self.__get_result()
  File "D:\ProgramData\Anaconda3\lib\concurrent\futures\_base.py", line 391, in __get_result
    raise self._exception
ModuleNotFoundError: No module named 'torch'

[149/210] FAIL rq2 seed=789: No module named 'torch'
concurrent.futures.process._RemoteTraceback: 
"""
Traceback (most recent call last):
  File "D:\ProgramData\Anaconda3\lib\concurrent\futures\process.py", line 246, in _process_worker
    r = call_item.fn(*call_item.args, **call_item.kwargs)
  File "E:\研究\saferl\run\run_all_parallel.py", line 313, in run_job
    import torch
ModuleNotFoundError: No module named 'torch'
"""

The above exception was the direct cause of the following exception:

Traceback (most recent call last):
  File "E:\研究\saferl\run\run_all_parallel.py", line 455, in main
    res = fut.result()
  File "D:\ProgramData\Anaconda3\lib\concurrent\futures\_base.py", line 439, in result
    return self.__get_result()
  File "D:\ProgramData\Anaconda3\lib\concurrent\futures\_base.py", line 391, in __get_result
    raise self._exception
ModuleNotFoundError: No module named 'torch'

[150/210] FAIL rq2 seed=2024: No module named 'torch'
concurrent.futures.process._RemoteTraceback: 
"""
Traceback (most recent call last):
  File "D:\ProgramData\Anaconda3\lib\concurrent\futures\process.py", line 246, in _process_worker
    r = call_item.fn(*call_item.args, **call_item.kwargs)
  File "E:\研究\saferl\run\run_all_parallel.py", line 313, in run_job
    import torch
ModuleNotFoundError: No module named 'torch'
"""

The above exception was the direct cause of the following exception:

Traceback (most recent call last):
  File "E:\研究\saferl\run\run_all_parallel.py", line 455, in main
    res = fut.result()
  File "D:\ProgramData\Anaconda3\lib\concurrent\futures\_base.py", line 439, in result
    return self.__get_result()
  File "D:\ProgramData\Anaconda3\lib\concurrent\futures\_base.py", line 391, in __get_result
    raise self._exception
ModuleNotFoundError: No module named 'torch'

[151/210] FAIL rq2 seed=42: No module named 'torch'
concurrent.futures.process._RemoteTraceback: 
"""
Traceback (most recent call last):
  File "D:\ProgramData\Anaconda3\lib\concurrent\futures\process.py", line 246, in _process_worker
    r = call_item.fn(*call_item.args, **call_item.kwargs)
  File "E:\研究\saferl\run\run_all_parallel.py", line 313, in run_job
    import torch
ModuleNotFoundError: No module named 'torch'
"""

The above exception was the direct cause of the following exception:

Traceback (most recent call last):
  File "E:\研究\saferl\run\run_all_parallel.py", line 455, in main
    res = fut.result()
  File "D:\ProgramData\Anaconda3\lib\concurrent\futures\_base.py", line 439, in result
    return self.__get_result()
  File "D:\ProgramData\Anaconda3\lib\concurrent\futures\_base.py", line 391, in __get_result
    raise self._exception
ModuleNotFoundError: No module named 'torch'

[152/210] FAIL rq2 seed=123: No module named 'torch'
concurrent.futures.process._RemoteTraceback: 
"""
Traceback (most recent call last):
  File "D:\ProgramData\Anaconda3\lib\concurrent\futures\process.py", line 246, in _process_worker
    r = call_item.fn(*call_item.args, **call_item.kwargs)
  File "E:\研究\saferl\run\run_all_parallel.py", line 313, in run_job
    import torch
ModuleNotFoundError: No module named 'torch'
"""

The above exception was the direct cause of the following exception:

Traceback (most recent call last):
  File "E:\研究\saferl\run\run_all_parallel.py", line 455, in main
    res = fut.result()
  File "D:\ProgramData\Anaconda3\lib\concurrent\futures\_base.py", line 439, in result
    return self.__get_result()
  File "D:\ProgramData\Anaconda3\lib\concurrent\futures\_base.py", line 391, in __get_result
    raise self._exception
ModuleNotFoundError: No module named 'torch'

[153/210] FAIL rq2 seed=456: No module named 'torch'
concurrent.futures.process._RemoteTraceback: 
"""
Traceback (most recent call last):
  File "D:\ProgramData\Anaconda3\lib\concurrent\futures\process.py", line 246, in _process_worker
    r = call_item.fn(*call_item.args, **call_item.kwargs)
  File "E:\研究\saferl\run\run_all_parallel.py", line 313, in run_job
    import torch
ModuleNotFoundError: No module named 'torch'
"""

The above exception was the direct cause of the following exception:

Traceback (most recent call last):
  File "E:\研究\saferl\run\run_all_parallel.py", line 455, in main
    res = fut.result()
  File "D:\ProgramData\Anaconda3\lib\concurrent\futures\_base.py", line 439, in result
    return self.__get_result()
  File "D:\ProgramData\Anaconda3\lib\concurrent\futures\_base.py", line 391, in __get_result
    raise self._exception
ModuleNotFoundError: No module named 'torch'

[154/210] FAIL rq2 seed=789: No module named 'torch'
concurrent.futures.process._RemoteTraceback: 
"""
Traceback (most recent call last):
  File "D:\ProgramData\Anaconda3\lib\concurrent\futures\process.py", line 246, in _process_worker
    r = call_item.fn(*call_item.args, **call_item.kwargs)
  File "E:\研究\saferl\run\run_all_parallel.py", line 313, in run_job
    import torch
ModuleNotFoundError: No module named 'torch'
"""

The above exception was the direct cause of the following exception:

Traceback (most recent call last):
  File "E:\研究\saferl\run\run_all_parallel.py", line 455, in main
    res = fut.result()
  File "D:\ProgramData\Anaconda3\lib\concurrent\futures\_base.py", line 439, in result
    return self.__get_result()
  File "D:\ProgramData\Anaconda3\lib\concurrent\futures\_base.py", line 391, in __get_result
    raise self._exception
ModuleNotFoundError: No module named 'torch'

[155/210] FAIL rq2 seed=2024: No module named 'torch'
concurrent.futures.process._RemoteTraceback: 
"""
Traceback (most recent call last):
  File "D:\ProgramData\Anaconda3\lib\concurrent\futures\process.py", line 246, in _process_worker
    r = call_item.fn(*call_item.args, **call_item.kwargs)
  File "E:\研究\saferl\run\run_all_parallel.py", line 313, in run_job
    import torch
ModuleNotFoundError: No module named 'torch'
"""

The above exception was the direct cause of the following exception:

Traceback (most recent call last):
  File "E:\研究\saferl\run\run_all_parallel.py", line 455, in main
    res = fut.result()
  File "D:\ProgramData\Anaconda3\lib\concurrent\futures\_base.py", line 439, in result
    return self.__get_result()
  File "D:\ProgramData\Anaconda3\lib\concurrent\futures\_base.py", line 391, in __get_result
    raise self._exception
ModuleNotFoundError: No module named 'torch'

[156/210] FAIL rq2 seed=42: No module named 'torch'
concurrent.futures.process._RemoteTraceback: 
"""
Traceback (most recent call last):
  File "D:\ProgramData\Anaconda3\lib\concurrent\futures\process.py", line 246, in _process_worker
    r = call_item.fn(*call_item.args, **call_item.kwargs)
  File "E:\研究\saferl\run\run_all_parallel.py", line 313, in run_job
    import torch
ModuleNotFoundError: No module named 'torch'
"""

The above exception was the direct cause of the following exception:

Traceback (most recent call last):
  File "E:\研究\saferl\run\run_all_parallel.py", line 455, in main
    res = fut.result()
  File "D:\ProgramData\Anaconda3\lib\concurrent\futures\_base.py", line 439, in result
    return self.__get_result()
  File "D:\ProgramData\Anaconda3\lib\concurrent\futures\_base.py", line 391, in __get_result
    raise self._exception
ModuleNotFoundError: No module named 'torch'

[157/210] FAIL rq2 seed=123: No module named 'torch'
concurrent.futures.process._RemoteTraceback: 
"""
Traceback (most recent call last):
  File "D:\ProgramData\Anaconda3\lib\concurrent\futures\process.py", line 246, in _process_worker
    r = call_item.fn(*call_item.args, **call_item.kwargs)
  File "E:\研究\saferl\run\run_all_parallel.py", line 313, in run_job
    import torch
ModuleNotFoundError: No module named 'torch'
"""

The above exception was the direct cause of the following exception:

Traceback (most recent call last):
  File "E:\研究\saferl\run\run_all_parallel.py", line 455, in main
    res = fut.result()
  File "D:\ProgramData\Anaconda3\lib\concurrent\futures\_base.py", line 439, in result
    return self.__get_result()
  File "D:\ProgramData\Anaconda3\lib\concurrent\futures\_base.py", line 391, in __get_result
    raise self._exception
ModuleNotFoundError: No module named 'torch'

[158/210] FAIL rq2 seed=456: No module named 'torch'
concurrent.futures.process._RemoteTraceback: 
"""
Traceback (most recent call last):
  File "D:\ProgramData\Anaconda3\lib\concurrent\futures\process.py", line 246, in _process_worker
    r = call_item.fn(*call_item.args, **call_item.kwargs)
  File "E:\研究\saferl\run\run_all_parallel.py", line 313, in run_job
    import torch
ModuleNotFoundError: No module named 'torch'
"""

The above exception was the direct cause of the following exception:

Traceback (most recent call last):
  File "E:\研究\saferl\run\run_all_parallel.py", line 455, in main
    res = fut.result()
  File "D:\ProgramData\Anaconda3\lib\concurrent\futures\_base.py", line 439, in result
    return self.__get_result()
  File "D:\ProgramData\Anaconda3\lib\concurrent\futures\_base.py", line 391, in __get_result
    raise self._exception
ModuleNotFoundError: No module named 'torch'

[159/210] FAIL rq2 seed=789: No module named 'torch'
concurrent.futures.process._RemoteTraceback: 
"""
Traceback (most recent call last):
  File "D:\ProgramData\Anaconda3\lib\concurrent\futures\process.py", line 246, in _process_worker
    r = call_item.fn(*call_item.args, **call_item.kwargs)
  File "E:\研究\saferl\run\run_all_parallel.py", line 313, in run_job
    import torch
ModuleNotFoundError: No module named 'torch'
"""

The above exception was the direct cause of the following exception:

Traceback (most recent call last):
  File "E:\研究\saferl\run\run_all_parallel.py", line 455, in main
    res = fut.result()
  File "D:\ProgramData\Anaconda3\lib\concurrent\futures\_base.py", line 439, in result
    return self.__get_result()
  File "D:\ProgramData\Anaconda3\lib\concurrent\futures\_base.py", line 391, in __get_result
    raise self._exception
ModuleNotFoundError: No module named 'torch'

[160/210] FAIL rq2 seed=2024: No module named 'torch'
concurrent.futures.process._RemoteTraceback: 
"""
Traceback (most recent call last):
  File "D:\ProgramData\Anaconda3\lib\concurrent\futures\process.py", line 246, in _process_worker
    r = call_item.fn(*call_item.args, **call_item.kwargs)
  File "E:\研究\saferl\run\run_all_parallel.py", line 313, in run_job
    import torch
ModuleNotFoundError: No module named 'torch'
"""

The above exception was the direct cause of the following exception:

Traceback (most recent call last):
  File "E:\研究\saferl\run\run_all_parallel.py", line 455, in main
    res = fut.result()
  File "D:\ProgramData\Anaconda3\lib\concurrent\futures\_base.py", line 439, in result
    return self.__get_result()
  File "D:\ProgramData\Anaconda3\lib\concurrent\futures\_base.py", line 391, in __get_result
    raise self._exception
ModuleNotFoundError: No module named 'torch'

[161/210] FAIL rq2 seed=42: No module named 'torch'
concurrent.futures.process._RemoteTraceback: 
"""
Traceback (most recent call last):
  File "D:\ProgramData\Anaconda3\lib\concurrent\futures\process.py", line 246, in _process_worker
    r = call_item.fn(*call_item.args, **call_item.kwargs)
  File "E:\研究\saferl\run\run_all_parallel.py", line 313, in run_job
    import torch
ModuleNotFoundError: No module named 'torch'
"""

The above exception was the direct cause of the following exception:

Traceback (most recent call last):
  File "E:\研究\saferl\run\run_all_parallel.py", line 455, in main
    res = fut.result()
  File "D:\ProgramData\Anaconda3\lib\concurrent\futures\_base.py", line 439, in result
    return self.__get_result()
  File "D:\ProgramData\Anaconda3\lib\concurrent\futures\_base.py", line 391, in __get_result
    raise self._exception
ModuleNotFoundError: No module named 'torch'

[162/210] FAIL rq2 seed=123: No module named 'torch'
concurrent.futures.process._RemoteTraceback: 
"""
Traceback (most recent call last):
  File "D:\ProgramData\Anaconda3\lib\concurrent\futures\process.py", line 246, in _process_worker
    r = call_item.fn(*call_item.args, **call_item.kwargs)
  File "E:\研究\saferl\run\run_all_parallel.py", line 313, in run_job
    import torch
ModuleNotFoundError: No module named 'torch'
"""

The above exception was the direct cause of the following exception:

Traceback (most recent call last):
  File "E:\研究\saferl\run\run_all_parallel.py", line 455, in main
    res = fut.result()
  File "D:\ProgramData\Anaconda3\lib\concurrent\futures\_base.py", line 439, in result
    return self.__get_result()
  File "D:\ProgramData\Anaconda3\lib\concurrent\futures\_base.py", line 391, in __get_result
    raise self._exception
ModuleNotFoundError: No module named 'torch'

[163/210] FAIL rq2 seed=456: No module named 'torch'
concurrent.futures.process._RemoteTraceback: 
"""
Traceback (most recent call last):
  File "D:\ProgramData\Anaconda3\lib\concurrent\futures\process.py", line 246, in _process_worker
    r = call_item.fn(*call_item.args, **call_item.kwargs)
  File "E:\研究\saferl\run\run_all_parallel.py", line 313, in run_job
    import torch
ModuleNotFoundError: No module named 'torch'
"""

The above exception was the direct cause of the following exception:

Traceback (most recent call last):
  File "E:\研究\saferl\run\run_all_parallel.py", line 455, in main
    res = fut.result()
  File "D:\ProgramData\Anaconda3\lib\concurrent\futures\_base.py", line 439, in result
    return self.__get_result()
  File "D:\ProgramData\Anaconda3\lib\concurrent\futures\_base.py", line 391, in __get_result
    raise self._exception
ModuleNotFoundError: No module named 'torch'

[164/210] FAIL rq2 seed=789: No module named 'torch'
concurrent.futures.process._RemoteTraceback: 
"""
Traceback (most recent call last):
  File "D:\ProgramData\Anaconda3\lib\concurrent\futures\process.py", line 246, in _process_worker
    r = call_item.fn(*call_item.args, **call_item.kwargs)
  File "E:\研究\saferl\run\run_all_parallel.py", line 313, in run_job
    import torch
ModuleNotFoundError: No module named 'torch'
"""

The above exception was the direct cause of the following exception:

Traceback (most recent call last):
  File "E:\研究\saferl\run\run_all_parallel.py", line 455, in main
    res = fut.result()
  File "D:\ProgramData\Anaconda3\lib\concurrent\futures\_base.py", line 439, in result
    return self.__get_result()
  File "D:\ProgramData\Anaconda3\lib\concurrent\futures\_base.py", line 391, in __get_result
    raise self._exception
ModuleNotFoundError: No module named 'torch'

[165/210] FAIL rq2 seed=2024: No module named 'torch'
concurrent.futures.process._RemoteTraceback: 
"""
Traceback (most recent call last):
  File "D:\ProgramData\Anaconda3\lib\concurrent\futures\process.py", line 246, in _process_worker
    r = call_item.fn(*call_item.args, **call_item.kwargs)
  File "E:\研究\saferl\run\run_all_parallel.py", line 313, in run_job
    import torch
ModuleNotFoundError: No module named 'torch'
"""

The above exception was the direct cause of the following exception:

Traceback (most recent call last):
  File "E:\研究\saferl\run\run_all_parallel.py", line 455, in main
    res = fut.result()
  File "D:\ProgramData\Anaconda3\lib\concurrent\futures\_base.py", line 439, in result
    return self.__get_result()
  File "D:\ProgramData\Anaconda3\lib\concurrent\futures\_base.py", line 391, in __get_result
    raise self._exception
ModuleNotFoundError: No module named 'torch'

[166/210] FAIL rq2 seed=42: No module named 'torch'
concurrent.futures.process._RemoteTraceback: 
"""
Traceback (most recent call last):
  File "D:\ProgramData\Anaconda3\lib\concurrent\futures\process.py", line 246, in _process_worker
    r = call_item.fn(*call_item.args, **call_item.kwargs)
  File "E:\研究\saferl\run\run_all_parallel.py", line 313, in run_job
    import torch
ModuleNotFoundError: No module named 'torch'
"""

The above exception was the direct cause of the following exception:

Traceback (most recent call last):
  File "E:\研究\saferl\run\run_all_parallel.py", line 455, in main
    res = fut.result()
  File "D:\ProgramData\Anaconda3\lib\concurrent\futures\_base.py", line 439, in result
    return self.__get_result()
  File "D:\ProgramData\Anaconda3\lib\concurrent\futures\_base.py", line 391, in __get_result
    raise self._exception
ModuleNotFoundError: No module named 'torch'

[167/210] FAIL rq2 seed=123: No module named 'torch'
concurrent.futures.process._RemoteTraceback: 
"""
Traceback (most recent call last):
  File "D:\ProgramData\Anaconda3\lib\concurrent\futures\process.py", line 246, in _process_worker
    r = call_item.fn(*call_item.args, **call_item.kwargs)
  File "E:\研究\saferl\run\run_all_parallel.py", line 313, in run_job
    import torch
ModuleNotFoundError: No module named 'torch'
"""

The above exception was the direct cause of the following exception:

Traceback (most recent call last):
  File "E:\研究\saferl\run\run_all_parallel.py", line 455, in main
    res = fut.result()
  File "D:\ProgramData\Anaconda3\lib\concurrent\futures\_base.py", line 439, in result
    return self.__get_result()
  File "D:\ProgramData\Anaconda3\lib\concurrent\futures\_base.py", line 391, in __get_result
    raise self._exception
ModuleNotFoundError: No module named 'torch'

[168/210] FAIL rq2 seed=456: No module named 'torch'
concurrent.futures.process._RemoteTraceback: 
"""
Traceback (most recent call last):
  File "D:\ProgramData\Anaconda3\lib\concurrent\futures\process.py", line 246, in _process_worker
    r = call_item.fn(*call_item.args, **call_item.kwargs)
  File "E:\研究\saferl\run\run_all_parallel.py", line 313, in run_job
    import torch
ModuleNotFoundError: No module named 'torch'
"""

The above exception was the direct cause of the following exception:

Traceback (most recent call last):
  File "E:\研究\saferl\run\run_all_parallel.py", line 455, in main
    res = fut.result()
  File "D:\ProgramData\Anaconda3\lib\concurrent\futures\_base.py", line 439, in result
    return self.__get_result()
  File "D:\ProgramData\Anaconda3\lib\concurrent\futures\_base.py", line 391, in __get_result
    raise self._exception
ModuleNotFoundError: No module named 'torch'

[169/210] FAIL rq2 seed=789: No module named 'torch'
concurrent.futures.process._RemoteTraceback: 
"""
Traceback (most recent call last):
  File "D:\ProgramData\Anaconda3\lib\concurrent\futures\process.py", line 246, in _process_worker
    r = call_item.fn(*call_item.args, **call_item.kwargs)
  File "E:\研究\saferl\run\run_all_parallel.py", line 313, in run_job
    import torch
ModuleNotFoundError: No module named 'torch'
"""

The above exception was the direct cause of the following exception:

Traceback (most recent call last):
  File "E:\研究\saferl\run\run_all_parallel.py", line 455, in main
    res = fut.result()
  File "D:\ProgramData\Anaconda3\lib\concurrent\futures\_base.py", line 439, in result
    return self.__get_result()
  File "D:\ProgramData\Anaconda3\lib\concurrent\futures\_base.py", line 391, in __get_result
    raise self._exception
ModuleNotFoundError: No module named 'torch'

[170/210] FAIL rq2 seed=2024: No module named 'torch'
concurrent.futures.process._RemoteTraceback: 
"""
Traceback (most recent call last):
  File "D:\ProgramData\Anaconda3\lib\concurrent\futures\process.py", line 246, in _process_worker
    r = call_item.fn(*call_item.args, **call_item.kwargs)
  File "E:\研究\saferl\run\run_all_parallel.py", line 313, in run_job
    import torch
ModuleNotFoundError: No module named 'torch'
"""

The above exception was the direct cause of the following exception:

Traceback (most recent call last):
  File "E:\研究\saferl\run\run_all_parallel.py", line 455, in main
    res = fut.result()
  File "D:\ProgramData\Anaconda3\lib\concurrent\futures\_base.py", line 439, in result
    return self.__get_result()
  File "D:\ProgramData\Anaconda3\lib\concurrent\futures\_base.py", line 391, in __get_result
    raise self._exception
ModuleNotFoundError: No module named 'torch'

[171/210] FAIL rq2 seed=42: No module named 'torch'
concurrent.futures.process._RemoteTraceback: 
"""
Traceback (most recent call last):
  File "D:\ProgramData\Anaconda3\lib\concurrent\futures\process.py", line 246, in _process_worker
    r = call_item.fn(*call_item.args, **call_item.kwargs)
  File "E:\研究\saferl\run\run_all_parallel.py", line 313, in run_job
    import torch
ModuleNotFoundError: No module named 'torch'
"""

The above exception was the direct cause of the following exception:

Traceback (most recent call last):
  File "E:\研究\saferl\run\run_all_parallel.py", line 455, in main
    res = fut.result()
  File "D:\ProgramData\Anaconda3\lib\concurrent\futures\_base.py", line 439, in result
    return self.__get_result()
  File "D:\ProgramData\Anaconda3\lib\concurrent\futures\_base.py", line 391, in __get_result
    raise self._exception
ModuleNotFoundError: No module named 'torch'

[172/210] FAIL rq2 seed=123: No module named 'torch'
concurrent.futures.process._RemoteTraceback: 
"""
Traceback (most recent call last):
  File "D:\ProgramData\Anaconda3\lib\concurrent\futures\process.py", line 246, in _process_worker
    r = call_item.fn(*call_item.args, **call_item.kwargs)
  File "E:\研究\saferl\run\run_all_parallel.py", line 313, in run_job
    import torch
ModuleNotFoundError: No module named 'torch'
"""

The above exception was the direct cause of the following exception:

Traceback (most recent call last):
  File "E:\研究\saferl\run\run_all_parallel.py", line 455, in main
    res = fut.result()
  File "D:\ProgramData\Anaconda3\lib\concurrent\futures\_base.py", line 439, in result
    return self.__get_result()
  File "D:\ProgramData\Anaconda3\lib\concurrent\futures\_base.py", line 391, in __get_result
    raise self._exception
ModuleNotFoundError: No module named 'torch'

[173/210] FAIL rq2 seed=456: No module named 'torch'
concurrent.futures.process._RemoteTraceback: 
"""
Traceback (most recent call last):
  File "D:\ProgramData\Anaconda3\lib\concurrent\futures\process.py", line 246, in _process_worker
    r = call_item.fn(*call_item.args, **call_item.kwargs)
  File "E:\研究\saferl\run\run_all_parallel.py", line 313, in run_job
    import torch
ModuleNotFoundError: No module named 'torch'
"""

The above exception was the direct cause of the following exception:

Traceback (most recent call last):
  File "E:\研究\saferl\run\run_all_parallel.py", line 455, in main
    res = fut.result()
  File "D:\ProgramData\Anaconda3\lib\concurrent\futures\_base.py", line 439, in result
    return self.__get_result()
  File "D:\ProgramData\Anaconda3\lib\concurrent\futures\_base.py", line 391, in __get_result
    raise self._exception
ModuleNotFoundError: No module named 'torch'

[174/210] FAIL rq2 seed=789: No module named 'torch'
concurrent.futures.process._RemoteTraceback: 
"""
Traceback (most recent call last):
  File "D:\ProgramData\Anaconda3\lib\concurrent\futures\process.py", line 246, in _process_worker
    r = call_item.fn(*call_item.args, **call_item.kwargs)
  File "E:\研究\saferl\run\run_all_parallel.py", line 313, in run_job
    import torch
ModuleNotFoundError: No module named 'torch'
"""

The above exception was the direct cause of the following exception:

Traceback (most recent call last):
  File "E:\研究\saferl\run\run_all_parallel.py", line 455, in main
    res = fut.result()
  File "D:\ProgramData\Anaconda3\lib\concurrent\futures\_base.py", line 439, in result
    return self.__get_result()
  File "D:\ProgramData\Anaconda3\lib\concurrent\futures\_base.py", line 391, in __get_result
    raise self._exception
ModuleNotFoundError: No module named 'torch'

[175/210] FAIL rq2 seed=2024: No module named 'torch'
concurrent.futures.process._RemoteTraceback: 
"""
Traceback (most recent call last):
  File "D:\ProgramData\Anaconda3\lib\concurrent\futures\process.py", line 246, in _process_worker
    r = call_item.fn(*call_item.args, **call_item.kwargs)
  File "E:\研究\saferl\run\run_all_parallel.py", line 313, in run_job
    import torch
ModuleNotFoundError: No module named 'torch'
"""

The above exception was the direct cause of the following exception:

Traceback (most recent call last):
  File "E:\研究\saferl\run\run_all_parallel.py", line 455, in main
    res = fut.result()
  File "D:\ProgramData\Anaconda3\lib\concurrent\futures\_base.py", line 439, in result
    return self.__get_result()
  File "D:\ProgramData\Anaconda3\lib\concurrent\futures\_base.py", line 391, in __get_result
    raise self._exception
ModuleNotFoundError: No module named 'torch'

[176/210] FAIL rq2 seed=42: No module named 'torch'
concurrent.futures.process._RemoteTraceback: 
"""
Traceback (most recent call last):
  File "D:\ProgramData\Anaconda3\lib\concurrent\futures\process.py", line 246, in _process_worker
    r = call_item.fn(*call_item.args, **call_item.kwargs)
  File "E:\研究\saferl\run\run_all_parallel.py", line 313, in run_job
    import torch
ModuleNotFoundError: No module named 'torch'
"""

The above exception was the direct cause of the following exception:

Traceback (most recent call last):
  File "E:\研究\saferl\run\run_all_parallel.py", line 455, in main
    res = fut.result()
  File "D:\ProgramData\Anaconda3\lib\concurrent\futures\_base.py", line 439, in result
    return self.__get_result()
  File "D:\ProgramData\Anaconda3\lib\concurrent\futures\_base.py", line 391, in __get_result
    raise self._exception
ModuleNotFoundError: No module named 'torch'

[177/210] FAIL rq2 seed=123: No module named 'torch'
concurrent.futures.process._RemoteTraceback: 
"""
Traceback (most recent call last):
  File "D:\ProgramData\Anaconda3\lib\concurrent\futures\process.py", line 246, in _process_worker
    r = call_item.fn(*call_item.args, **call_item.kwargs)
  File "E:\研究\saferl\run\run_all_parallel.py", line 313, in run_job
    import torch
ModuleNotFoundError: No module named 'torch'
"""

The above exception was the direct cause of the following exception:

Traceback (most recent call last):
  File "E:\研究\saferl\run\run_all_parallel.py", line 455, in main
    res = fut.result()
  File "D:\ProgramData\Anaconda3\lib\concurrent\futures\_base.py", line 439, in result
    return self.__get_result()
  File "D:\ProgramData\Anaconda3\lib\concurrent\futures\_base.py", line 391, in __get_result
    raise self._exception
ModuleNotFoundError: No module named 'torch'

[178/210] FAIL rq2 seed=456: No module named 'torch'
concurrent.futures.process._RemoteTraceback: 
"""
Traceback (most recent call last):
  File "D:\ProgramData\Anaconda3\lib\concurrent\futures\process.py", line 246, in _process_worker
    r = call_item.fn(*call_item.args, **call_item.kwargs)
  File "E:\研究\saferl\run\run_all_parallel.py", line 313, in run_job
    import torch
ModuleNotFoundError: No module named 'torch'
"""

The above exception was the direct cause of the following exception:

Traceback (most recent call last):
  File "E:\研究\saferl\run\run_all_parallel.py", line 455, in main
    res = fut.result()
  File "D:\ProgramData\Anaconda3\lib\concurrent\futures\_base.py", line 439, in result
    return self.__get_result()
  File "D:\ProgramData\Anaconda3\lib\concurrent\futures\_base.py", line 391, in __get_result
    raise self._exception
ModuleNotFoundError: No module named 'torch'

[179/210] FAIL rq2 seed=2024: No module named 'torch'
concurrent.futures.process._RemoteTraceback: 
"""
Traceback (most recent call last):
  File "D:\ProgramData\Anaconda3\lib\concurrent\futures\process.py", line 246, in _process_worker
    r = call_item.fn(*call_item.args, **call_item.kwargs)
  File "E:\研究\saferl\run\run_all_parallel.py", line 313, in run_job
    import torch
ModuleNotFoundError: No module named 'torch'
"""

The above exception was the direct cause of the following exception:

Traceback (most recent call last):
  File "E:\研究\saferl\run\run_all_parallel.py", line 455, in main
    res = fut.result()
  File "D:\ProgramData\Anaconda3\lib\concurrent\futures\_base.py", line 439, in result
    return self.__get_result()
  File "D:\ProgramData\Anaconda3\lib\concurrent\futures\_base.py", line 391, in __get_result
    raise self._exception
ModuleNotFoundError: No module named 'torch'

[180/210] FAIL rq2 seed=789: No module named 'torch'
concurrent.futures.process._RemoteTraceback: 
"""
Traceback (most recent call last):
  File "D:\ProgramData\Anaconda3\lib\concurrent\futures\process.py", line 246, in _process_worker
    r = call_item.fn(*call_item.args, **call_item.kwargs)
  File "E:\研究\saferl\run\run_all_parallel.py", line 313, in run_job
    import torch
ModuleNotFoundError: No module named 'torch'
"""

The above exception was the direct cause of the following exception:

Traceback (most recent call last):
  File "E:\研究\saferl\run\run_all_parallel.py", line 455, in main
    res = fut.result()
  File "D:\ProgramData\Anaconda3\lib\concurrent\futures\_base.py", line 439, in result
    return self.__get_result()
  File "D:\ProgramData\Anaconda3\lib\concurrent\futures\_base.py", line 391, in __get_result
    raise self._exception
ModuleNotFoundError: No module named 'torch'

[181/210] FAIL rq2 seed=123: No module named 'torch'
concurrent.futures.process._RemoteTraceback: 
"""
Traceback (most recent call last):
  File "D:\ProgramData\Anaconda3\lib\concurrent\futures\process.py", line 246, in _process_worker
    r = call_item.fn(*call_item.args, **call_item.kwargs)
  File "E:\研究\saferl\run\run_all_parallel.py", line 313, in run_job
    import torch
ModuleNotFoundError: No module named 'torch'
"""

The above exception was the direct cause of the following exception:

Traceback (most recent call last):
  File "E:\研究\saferl\run\run_all_parallel.py", line 455, in main
    res = fut.result()
  File "D:\ProgramData\Anaconda3\lib\concurrent\futures\_base.py", line 439, in result
    return self.__get_result()
  File "D:\ProgramData\Anaconda3\lib\concurrent\futures\_base.py", line 391, in __get_result
    raise self._exception
ModuleNotFoundError: No module named 'torch'

[182/210] FAIL rq2 seed=42: No module named 'torch'
concurrent.futures.process._RemoteTraceback: 
"""
Traceback (most recent call last):
  File "D:\ProgramData\Anaconda3\lib\concurrent\futures\process.py", line 246, in _process_worker
    r = call_item.fn(*call_item.args, **call_item.kwargs)
  File "E:\研究\saferl\run\run_all_parallel.py", line 313, in run_job
    import torch
ModuleNotFoundError: No module named 'torch'
"""

The above exception was the direct cause of the following exception:

Traceback (most recent call last):
  File "E:\研究\saferl\run\run_all_parallel.py", line 455, in main
    res = fut.result()
  File "D:\ProgramData\Anaconda3\lib\concurrent\futures\_base.py", line 439, in result
    return self.__get_result()
  File "D:\ProgramData\Anaconda3\lib\concurrent\futures\_base.py", line 391, in __get_result
    raise self._exception
ModuleNotFoundError: No module named 'torch'

[183/210] FAIL rq2 seed=456: No module named 'torch'
concurrent.futures.process._RemoteTraceback: 
"""
Traceback (most recent call last):
  File "D:\ProgramData\Anaconda3\lib\concurrent\futures\process.py", line 246, in _process_worker
    r = call_item.fn(*call_item.args, **call_item.kwargs)
  File "E:\研究\saferl\run\run_all_parallel.py", line 313, in run_job
    import torch
ModuleNotFoundError: No module named 'torch'
"""

The above exception was the direct cause of the following exception:

Traceback (most recent call last):
  File "E:\研究\saferl\run\run_all_parallel.py", line 455, in main
    res = fut.result()
  File "D:\ProgramData\Anaconda3\lib\concurrent\futures\_base.py", line 439, in result
    return self.__get_result()
  File "D:\ProgramData\Anaconda3\lib\concurrent\futures\_base.py", line 391, in __get_result
    raise self._exception
ModuleNotFoundError: No module named 'torch'

[184/210] FAIL rq2 seed=789: No module named 'torch'
concurrent.futures.process._RemoteTraceback: 
"""
Traceback (most recent call last):
  File "D:\ProgramData\Anaconda3\lib\concurrent\futures\process.py", line 246, in _process_worker
    r = call_item.fn(*call_item.args, **call_item.kwargs)
  File "E:\研究\saferl\run\run_all_parallel.py", line 313, in run_job
    import torch
ModuleNotFoundError: No module named 'torch'
"""

The above exception was the direct cause of the following exception:

Traceback (most recent call last):
  File "E:\研究\saferl\run\run_all_parallel.py", line 455, in main
    res = fut.result()
  File "D:\ProgramData\Anaconda3\lib\concurrent\futures\_base.py", line 439, in result
    return self.__get_result()
  File "D:\ProgramData\Anaconda3\lib\concurrent\futures\_base.py", line 391, in __get_result
    raise self._exception
ModuleNotFoundError: No module named 'torch'

[185/210] FAIL rq2 seed=2024: No module named 'torch'
concurrent.futures.process._RemoteTraceback: 
"""
Traceback (most recent call last):
  File "D:\ProgramData\Anaconda3\lib\concurrent\futures\process.py", line 246, in _process_worker
    r = call_item.fn(*call_item.args, **call_item.kwargs)
  File "E:\研究\saferl\run\run_all_parallel.py", line 313, in run_job
    import torch
ModuleNotFoundError: No module named 'torch'
"""

The above exception was the direct cause of the following exception:

Traceback (most recent call last):
  File "E:\研究\saferl\run\run_all_parallel.py", line 455, in main
    res = fut.result()
  File "D:\ProgramData\Anaconda3\lib\concurrent\futures\_base.py", line 439, in result
    return self.__get_result()
  File "D:\ProgramData\Anaconda3\lib\concurrent\futures\_base.py", line 391, in __get_result
    raise self._exception
ModuleNotFoundError: No module named 'torch'

[186/210] FAIL rq2 seed=42: No module named 'torch'
concurrent.futures.process._RemoteTraceback: 
"""
Traceback (most recent call last):
  File "D:\ProgramData\Anaconda3\lib\concurrent\futures\process.py", line 246, in _process_worker
    r = call_item.fn(*call_item.args, **call_item.kwargs)
  File "E:\研究\saferl\run\run_all_parallel.py", line 313, in run_job
    import torch
ModuleNotFoundError: No module named 'torch'
"""

The above exception was the direct cause of the following exception:

Traceback (most recent call last):
  File "E:\研究\saferl\run\run_all_parallel.py", line 455, in main
    res = fut.result()
  File "D:\ProgramData\Anaconda3\lib\concurrent\futures\_base.py", line 439, in result
    return self.__get_result()
  File "D:\ProgramData\Anaconda3\lib\concurrent\futures\_base.py", line 391, in __get_result
    raise self._exception
ModuleNotFoundError: No module named 'torch'

[187/210] FAIL rq2 seed=123: No module named 'torch'
concurrent.futures.process._RemoteTraceback: 
"""
Traceback (most recent call last):
  File "D:\ProgramData\Anaconda3\lib\concurrent\futures\process.py", line 246, in _process_worker
    r = call_item.fn(*call_item.args, **call_item.kwargs)
  File "E:\研究\saferl\run\run_all_parallel.py", line 313, in run_job
    import torch
ModuleNotFoundError: No module named 'torch'
"""

The above exception was the direct cause of the following exception:

Traceback (most recent call last):
  File "E:\研究\saferl\run\run_all_parallel.py", line 455, in main
    res = fut.result()
  File "D:\ProgramData\Anaconda3\lib\concurrent\futures\_base.py", line 439, in result
    return self.__get_result()
  File "D:\ProgramData\Anaconda3\lib\concurrent\futures\_base.py", line 391, in __get_result
    raise self._exception
ModuleNotFoundError: No module named 'torch'

[188/210] FAIL rq2 seed=456: No module named 'torch'
concurrent.futures.process._RemoteTraceback: 
"""
Traceback (most recent call last):
  File "D:\ProgramData\Anaconda3\lib\concurrent\futures\process.py", line 246, in _process_worker
    r = call_item.fn(*call_item.args, **call_item.kwargs)
  File "E:\研究\saferl\run\run_all_parallel.py", line 313, in run_job
    import torch
ModuleNotFoundError: No module named 'torch'
"""

The above exception was the direct cause of the following exception:

Traceback (most recent call last):
  File "E:\研究\saferl\run\run_all_parallel.py", line 455, in main
    res = fut.result()
  File "D:\ProgramData\Anaconda3\lib\concurrent\futures\_base.py", line 439, in result
    return self.__get_result()
  File "D:\ProgramData\Anaconda3\lib\concurrent\futures\_base.py", line 391, in __get_result
    raise self._exception
ModuleNotFoundError: No module named 'torch'

[189/210] FAIL rq2 seed=789: No module named 'torch'
concurrent.futures.process._RemoteTraceback: 
"""
Traceback (most recent call last):
  File "D:\ProgramData\Anaconda3\lib\concurrent\futures\process.py", line 246, in _process_worker
    r = call_item.fn(*call_item.args, **call_item.kwargs)
  File "E:\研究\saferl\run\run_all_parallel.py", line 313, in run_job
    import torch
ModuleNotFoundError: No module named 'torch'
"""

The above exception was the direct cause of the following exception:

Traceback (most recent call last):
  File "E:\研究\saferl\run\run_all_parallel.py", line 455, in main
    res = fut.result()
  File "D:\ProgramData\Anaconda3\lib\concurrent\futures\_base.py", line 439, in result
    return self.__get_result()
  File "D:\ProgramData\Anaconda3\lib\concurrent\futures\_base.py", line 391, in __get_result
    raise self._exception
ModuleNotFoundError: No module named 'torch'

[190/210] FAIL rq2 seed=2024: No module named 'torch'
concurrent.futures.process._RemoteTraceback: 
"""
Traceback (most recent call last):
  File "D:\ProgramData\Anaconda3\lib\concurrent\futures\process.py", line 246, in _process_worker
    r = call_item.fn(*call_item.args, **call_item.kwargs)
  File "E:\研究\saferl\run\run_all_parallel.py", line 313, in run_job
    import torch
ModuleNotFoundError: No module named 'torch'
"""

The above exception was the direct cause of the following exception:

Traceback (most recent call last):
  File "E:\研究\saferl\run\run_all_parallel.py", line 455, in main
    res = fut.result()
  File "D:\ProgramData\Anaconda3\lib\concurrent\futures\_base.py", line 439, in result
    return self.__get_result()
  File "D:\ProgramData\Anaconda3\lib\concurrent\futures\_base.py", line 391, in __get_result
    raise self._exception
ModuleNotFoundError: No module named 'torch'

[191/210] FAIL rq2 seed=42: No module named 'torch'
concurrent.futures.process._RemoteTraceback: 
"""
Traceback (most recent call last):
  File "D:\ProgramData\Anaconda3\lib\concurrent\futures\process.py", line 246, in _process_worker
    r = call_item.fn(*call_item.args, **call_item.kwargs)
  File "E:\研究\saferl\run\run_all_parallel.py", line 313, in run_job
    import torch
ModuleNotFoundError: No module named 'torch'
"""

The above exception was the direct cause of the following exception:

Traceback (most recent call last):
  File "E:\研究\saferl\run\run_all_parallel.py", line 455, in main
    res = fut.result()
  File "D:\ProgramData\Anaconda3\lib\concurrent\futures\_base.py", line 439, in result
    return self.__get_result()
  File "D:\ProgramData\Anaconda3\lib\concurrent\futures\_base.py", line 391, in __get_result
    raise self._exception
ModuleNotFoundError: No module named 'torch'

[192/210] FAIL rq2 seed=123: No module named 'torch'
concurrent.futures.process._RemoteTraceback: 
"""
Traceback (most recent call last):
  File "D:\ProgramData\Anaconda3\lib\concurrent\futures\process.py", line 246, in _process_worker
    r = call_item.fn(*call_item.args, **call_item.kwargs)
  File "E:\研究\saferl\run\run_all_parallel.py", line 313, in run_job
    import torch
ModuleNotFoundError: No module named 'torch'
"""

The above exception was the direct cause of the following exception:

Traceback (most recent call last):
  File "E:\研究\saferl\run\run_all_parallel.py", line 455, in main
    res = fut.result()
  File "D:\ProgramData\Anaconda3\lib\concurrent\futures\_base.py", line 439, in result
    return self.__get_result()
  File "D:\ProgramData\Anaconda3\lib\concurrent\futures\_base.py", line 391, in __get_result
    raise self._exception
ModuleNotFoundError: No module named 'torch'

[193/210] FAIL rq2 seed=456: No module named 'torch'
concurrent.futures.process._RemoteTraceback: 
"""
Traceback (most recent call last):
  File "D:\ProgramData\Anaconda3\lib\concurrent\futures\process.py", line 246, in _process_worker
    r = call_item.fn(*call_item.args, **call_item.kwargs)
  File "E:\研究\saferl\run\run_all_parallel.py", line 313, in run_job
    import torch
ModuleNotFoundError: No module named 'torch'
"""

The above exception was the direct cause of the following exception:

Traceback (most recent call last):
  File "E:\研究\saferl\run\run_all_parallel.py", line 455, in main
    res = fut.result()
  File "D:\ProgramData\Anaconda3\lib\concurrent\futures\_base.py", line 439, in result
    return self.__get_result()
  File "D:\ProgramData\Anaconda3\lib\concurrent\futures\_base.py", line 391, in __get_result
    raise self._exception
ModuleNotFoundError: No module named 'torch'

[194/210] FAIL rq2 seed=789: No module named 'torch'
concurrent.futures.process._RemoteTraceback: 
"""
Traceback (most recent call last):
  File "D:\ProgramData\Anaconda3\lib\concurrent\futures\process.py", line 246, in _process_worker
    r = call_item.fn(*call_item.args, **call_item.kwargs)
  File "E:\研究\saferl\run\run_all_parallel.py", line 313, in run_job
    import torch
ModuleNotFoundError: No module named 'torch'
"""

The above exception was the direct cause of the following exception:

Traceback (most recent call last):
  File "E:\研究\saferl\run\run_all_parallel.py", line 455, in main
    res = fut.result()
  File "D:\ProgramData\Anaconda3\lib\concurrent\futures\_base.py", line 439, in result
    return self.__get_result()
  File "D:\ProgramData\Anaconda3\lib\concurrent\futures\_base.py", line 391, in __get_result
    raise self._exception
ModuleNotFoundError: No module named 'torch'

[195/210] FAIL rq2 seed=2024: No module named 'torch'
concurrent.futures.process._RemoteTraceback: 
"""
Traceback (most recent call last):
  File "D:\ProgramData\Anaconda3\lib\concurrent\futures\process.py", line 246, in _process_worker
    r = call_item.fn(*call_item.args, **call_item.kwargs)
  File "E:\研究\saferl\run\run_all_parallel.py", line 313, in run_job
    import torch
ModuleNotFoundError: No module named 'torch'
"""

The above exception was the direct cause of the following exception:

Traceback (most recent call last):
  File "E:\研究\saferl\run\run_all_parallel.py", line 455, in main
    res = fut.result()
  File "D:\ProgramData\Anaconda3\lib\concurrent\futures\_base.py", line 439, in result
    return self.__get_result()
  File "D:\ProgramData\Anaconda3\lib\concurrent\futures\_base.py", line 391, in __get_result
    raise self._exception
ModuleNotFoundError: No module named 'torch'

[196/210] FAIL rq2 seed=42: No module named 'torch'
concurrent.futures.process._RemoteTraceback: 
"""
Traceback (most recent call last):
  File "D:\ProgramData\Anaconda3\lib\concurrent\futures\process.py", line 246, in _process_worker
    r = call_item.fn(*call_item.args, **call_item.kwargs)
  File "E:\研究\saferl\run\run_all_parallel.py", line 313, in run_job
    import torch
ModuleNotFoundError: No module named 'torch'
"""

The above exception was the direct cause of the following exception:

Traceback (most recent call last):
  File "E:\研究\saferl\run\run_all_parallel.py", line 455, in main
    res = fut.result()
  File "D:\ProgramData\Anaconda3\lib\concurrent\futures\_base.py", line 439, in result
    return self.__get_result()
  File "D:\ProgramData\Anaconda3\lib\concurrent\futures\_base.py", line 391, in __get_result
    raise self._exception
ModuleNotFoundError: No module named 'torch'

[197/210] FAIL rq2 seed=123: No module named 'torch'
concurrent.futures.process._RemoteTraceback: 
"""
Traceback (most recent call last):
  File "D:\ProgramData\Anaconda3\lib\concurrent\futures\process.py", line 246, in _process_worker
    r = call_item.fn(*call_item.args, **call_item.kwargs)
  File "E:\研究\saferl\run\run_all_parallel.py", line 313, in run_job
    import torch
ModuleNotFoundError: No module named 'torch'
"""

The above exception was the direct cause of the following exception:

Traceback (most recent call last):
  File "E:\研究\saferl\run\run_all_parallel.py", line 455, in main
    res = fut.result()
  File "D:\ProgramData\Anaconda3\lib\concurrent\futures\_base.py", line 439, in result
    return self.__get_result()
  File "D:\ProgramData\Anaconda3\lib\concurrent\futures\_base.py", line 391, in __get_result
    raise self._exception
ModuleNotFoundError: No module named 'torch'

[198/210] FAIL rq2 seed=456: No module named 'torch'
concurrent.futures.process._RemoteTraceback: 
"""
Traceback (most recent call last):
  File "D:\ProgramData\Anaconda3\lib\concurrent\futures\process.py", line 246, in _process_worker
    r = call_item.fn(*call_item.args, **call_item.kwargs)
  File "E:\研究\saferl\run\run_all_parallel.py", line 313, in run_job
    import torch
ModuleNotFoundError: No module named 'torch'
"""

The above exception was the direct cause of the following exception:

Traceback (most recent call last):
  File "E:\研究\saferl\run\run_all_parallel.py", line 455, in main
    res = fut.result()
  File "D:\ProgramData\Anaconda3\lib\concurrent\futures\_base.py", line 439, in result
    return self.__get_result()
  File "D:\ProgramData\Anaconda3\lib\concurrent\futures\_base.py", line 391, in __get_result
    raise self._exception
ModuleNotFoundError: No module named 'torch'

[199/210] FAIL rq2 seed=789: No module named 'torch'
concurrent.futures.process._RemoteTraceback: 
"""
Traceback (most recent call last):
  File "D:\ProgramData\Anaconda3\lib\concurrent\futures\process.py", line 246, in _process_worker
    r = call_item.fn(*call_item.args, **call_item.kwargs)
  File "E:\研究\saferl\run\run_all_parallel.py", line 313, in run_job
    import torch
ModuleNotFoundError: No module named 'torch'
"""

The above exception was the direct cause of the following exception:

Traceback (most recent call last):
  File "E:\研究\saferl\run\run_all_parallel.py", line 455, in main
    res = fut.result()
  File "D:\ProgramData\Anaconda3\lib\concurrent\futures\_base.py", line 439, in result
    return self.__get_result()
  File "D:\ProgramData\Anaconda3\lib\concurrent\futures\_base.py", line 391, in __get_result
    raise self._exception
ModuleNotFoundError: No module named 'torch'

[200/210] FAIL rq2 seed=2024: No module named 'torch'
concurrent.futures.process._RemoteTraceback: 
"""
Traceback (most recent call last):
  File "D:\ProgramData\Anaconda3\lib\concurrent\futures\process.py", line 246, in _process_worker
    r = call_item.fn(*call_item.args, **call_item.kwargs)
  File "E:\研究\saferl\run\run_all_parallel.py", line 313, in run_job
    import torch
ModuleNotFoundError: No module named 'torch'
"""

The above exception was the direct cause of the following exception:

Traceback (most recent call last):
  File "E:\研究\saferl\run\run_all_parallel.py", line 455, in main
    res = fut.result()
  File "D:\ProgramData\Anaconda3\lib\concurrent\futures\_base.py", line 439, in result
    return self.__get_result()
  File "D:\ProgramData\Anaconda3\lib\concurrent\futures\_base.py", line 391, in __get_result
    raise self._exception
ModuleNotFoundError: No module named 'torch'

[201/210] FAIL rq2 seed=42: No module named 'torch'
concurrent.futures.process._RemoteTraceback: 
"""
Traceback (most recent call last):
  File "D:\ProgramData\Anaconda3\lib\concurrent\futures\process.py", line 246, in _process_worker
    r = call_item.fn(*call_item.args, **call_item.kwargs)
  File "E:\研究\saferl\run\run_all_parallel.py", line 313, in run_job
    import torch
ModuleNotFoundError: No module named 'torch'
"""

The above exception was the direct cause of the following exception:

Traceback (most recent call last):
  File "E:\研究\saferl\run\run_all_parallel.py", line 455, in main
    res = fut.result()
  File "D:\ProgramData\Anaconda3\lib\concurrent\futures\_base.py", line 439, in result
    return self.__get_result()
  File "D:\ProgramData\Anaconda3\lib\concurrent\futures\_base.py", line 391, in __get_result
    raise self._exception
ModuleNotFoundError: No module named 'torch'

[202/210] FAIL rq2 seed=123: No module named 'torch'
concurrent.futures.process._RemoteTraceback: 
"""
Traceback (most recent call last):
  File "D:\ProgramData\Anaconda3\lib\concurrent\futures\process.py", line 246, in _process_worker
    r = call_item.fn(*call_item.args, **call_item.kwargs)
  File "E:\研究\saferl\run\run_all_parallel.py", line 313, in run_job
    import torch
ModuleNotFoundError: No module named 'torch'
"""

The above exception was the direct cause of the following exception:

Traceback (most recent call last):
  File "E:\研究\saferl\run\run_all_parallel.py", line 455, in main
    res = fut.result()
  File "D:\ProgramData\Anaconda3\lib\concurrent\futures\_base.py", line 439, in result
    return self.__get_result()
  File "D:\ProgramData\Anaconda3\lib\concurrent\futures\_base.py", line 391, in __get_result
    raise self._exception
ModuleNotFoundError: No module named 'torch'

[203/210] FAIL rq2 seed=456: No module named 'torch'
concurrent.futures.process._RemoteTraceback: 
"""
Traceback (most recent call last):
  File "D:\ProgramData\Anaconda3\lib\concurrent\futures\process.py", line 246, in _process_worker
    r = call_item.fn(*call_item.args, **call_item.kwargs)
  File "E:\研究\saferl\run\run_all_parallel.py", line 313, in run_job
    import torch
ModuleNotFoundError: No module named 'torch'
"""

The above exception was the direct cause of the following exception:

Traceback (most recent call last):
  File "E:\研究\saferl\run\run_all_parallel.py", line 455, in main
    res = fut.result()
  File "D:\ProgramData\Anaconda3\lib\concurrent\futures\_base.py", line 439, in result
    return self.__get_result()
  File "D:\ProgramData\Anaconda3\lib\concurrent\futures\_base.py", line 391, in __get_result
    raise self._exception
ModuleNotFoundError: No module named 'torch'

[204/210] FAIL rq2 seed=789: No module named 'torch'
concurrent.futures.process._RemoteTraceback: 
"""
Traceback (most recent call last):
  File "D:\ProgramData\Anaconda3\lib\concurrent\futures\process.py", line 246, in _process_worker
    r = call_item.fn(*call_item.args, **call_item.kwargs)
  File "E:\研究\saferl\run\run_all_parallel.py", line 313, in run_job
    import torch
ModuleNotFoundError: No module named 'torch'
"""

The above exception was the direct cause of the following exception:

Traceback (most recent call last):
  File "E:\研究\saferl\run\run_all_parallel.py", line 455, in main
    res = fut.result()
  File "D:\ProgramData\Anaconda3\lib\concurrent\futures\_base.py", line 439, in result
    return self.__get_result()
  File "D:\ProgramData\Anaconda3\lib\concurrent\futures\_base.py", line 391, in __get_result
    raise self._exception
ModuleNotFoundError: No module named 'torch'

[205/210] FAIL rq2 seed=2024: No module named 'torch'
concurrent.futures.process._RemoteTraceback: 
"""
Traceback (most recent call last):
  File "D:\ProgramData\Anaconda3\lib\concurrent\futures\process.py", line 246, in _process_worker
    r = call_item.fn(*call_item.args, **call_item.kwargs)
  File "E:\研究\saferl\run\run_all_parallel.py", line 313, in run_job
    import torch
ModuleNotFoundError: No module named 'torch'
"""

The above exception was the direct cause of the following exception:

Traceback (most recent call last):
  File "E:\研究\saferl\run\run_all_parallel.py", line 455, in main
    res = fut.result()
  File "D:\ProgramData\Anaconda3\lib\concurrent\futures\_base.py", line 439, in result
    return self.__get_result()
  File "D:\ProgramData\Anaconda3\lib\concurrent\futures\_base.py", line 391, in __get_result
    raise self._exception
ModuleNotFoundError: No module named 'torch'

[206/210] FAIL rq2 seed=42: No module named 'torch'
concurrent.futures.process._RemoteTraceback: 
"""
Traceback (most recent call last):
  File "D:\ProgramData\Anaconda3\lib\concurrent\futures\process.py", line 246, in _process_worker
    r = call_item.fn(*call_item.args, **call_item.kwargs)
  File "E:\研究\saferl\run\run_all_parallel.py", line 313, in run_job
    import torch
ModuleNotFoundError: No module named 'torch'
"""

The above exception was the direct cause of the following exception:

Traceback (most recent call last):
  File "E:\研究\saferl\run\run_all_parallel.py", line 455, in main
    res = fut.result()
  File "D:\ProgramData\Anaconda3\lib\concurrent\futures\_base.py", line 439, in result
    return self.__get_result()
  File "D:\ProgramData\Anaconda3\lib\concurrent\futures\_base.py", line 391, in __get_result
    raise self._exception
ModuleNotFoundError: No module named 'torch'

[207/210] FAIL rq2 seed=456: No module named 'torch'
concurrent.futures.process._RemoteTraceback: 
"""
Traceback (most recent call last):
  File "D:\ProgramData\Anaconda3\lib\concurrent\futures\process.py", line 246, in _process_worker
    r = call_item.fn(*call_item.args, **call_item.kwargs)
  File "E:\研究\saferl\run\run_all_parallel.py", line 313, in run_job
    import torch
ModuleNotFoundError: No module named 'torch'
"""

The above exception was the direct cause of the following exception:

Traceback (most recent call last):
  File "E:\研究\saferl\run\run_all_parallel.py", line 455, in main
    res = fut.result()
  File "D:\ProgramData\Anaconda3\lib\concurrent\futures\_base.py", line 439, in result
    return self.__get_result()
  File "D:\ProgramData\Anaconda3\lib\concurrent\futures\_base.py", line 391, in __get_result
    raise self._exception
ModuleNotFoundError: No module named 'torch'

[208/210] FAIL rq2 seed=789: No module named 'torch'
concurrent.futures.process._RemoteTraceback: 
"""
Traceback (most recent call last):
  File "D:\ProgramData\Anaconda3\lib\concurrent\futures\process.py", line 246, in _process_worker
    r = call_item.fn(*call_item.args, **call_item.kwargs)
  File "E:\研究\saferl\run\run_all_parallel.py", line 313, in run_job
    import torch
ModuleNotFoundError: No module named 'torch'
"""

The above exception was the direct cause of the following exception:

Traceback (most recent call last):
  File "E:\研究\saferl\run\run_all_parallel.py", line 455, in main
    res = fut.result()
  File "D:\ProgramData\Anaconda3\lib\concurrent\futures\_base.py", line 439, in result
    return self.__get_result()
  File "D:\ProgramData\Anaconda3\lib\concurrent\futures\_base.py", line 391, in __get_result
    raise self._exception
ModuleNotFoundError: No module named 'torch'

[209/210] FAIL rq2 seed=123: No module named 'torch'
concurrent.futures.process._RemoteTraceback: 
"""
Traceback (most recent call last):
  File "D:\ProgramData\Anaconda3\lib\concurrent\futures\process.py", line 246, in _process_worker
    r = call_item.fn(*call_item.args, **call_item.kwargs)
  File "E:\研究\saferl\run\run_all_parallel.py", line 313, in run_job
    import torch
ModuleNotFoundError: No module named 'torch'
"""

The above exception was the direct cause of the following exception:

Traceback (most recent call last):
  File "E:\研究\saferl\run\run_all_parallel.py", line 455, in main
    res = fut.result()
  File "D:\ProgramData\Anaconda3\lib\concurrent\futures\_base.py", line 439, in result
    return self.__get_result()
  File "D:\ProgramData\Anaconda3\lib\concurrent\futures\_base.py", line 391, in __get_result
    raise self._exception
ModuleNotFoundError: No module named 'torch'

[210/210] FAIL rq2 seed=2024: No module named 'torch'
[1/210] OK  rq2                seed=42  cost/d=     9,488  viol=  99.0%  fcsd=0.651  (2098s)
[2/210] OK  rq2                seed=2024  cost/d=     9,364  viol=  99.1%  fcsd=0.657  (2104s)
[3/210] OK  rq2                seed=123  cost/d=    12,099  viol=  99.4%  fcsd=0.645  (2114s)
[4/210] OK  rq2                seed=456  cost/d=     9,536  viol=  99.0%  fcsd=0.657  (2116s)
[5/210] OK  rq2                seed=789  cost/d=    12,411  viol=  99.1%  fcsd=0.666  (2119s)
[6/210] OK  rq2                seed=42  cost/d=    13,178  viol=  98.8%  fcsd=0.676  (2133s)
[7/210] OK  rq2                seed=456  cost/d=    11,491  viol= 100.0%  fcsd=0.637  (2522s)
[8/210] OK  rq2                seed=123  cost/d=     9,884  viol=  99.0%  fcsd=0.637  (2529s)
[9/210] OK  rq2                seed=2024  cost/d=    12,346  viol=  99.0%  fcsd=0.669  (2531s)
[10/210] OK  rq2                seed=789  cost/d=    11,977  viol=  99.4%  fcsd=0.583  (2541s)
[11/210] OK  rq2                seed=42  cost/d=    13,695  viol=  99.0%  fcsd=0.672  (2543s)
[12/210] OK  rq2                seed=123  cost/d=    13,397  viol=  99.3%  fcsd=0.660  (2531s)
[13/210] OK  rq2                seed=456  cost/d=    12,535  viol= 100.0%  fcsd=0.645  (2462s)
[14/210] OK  rq2                seed=789  cost/d=    11,358  viol=  99.4%  fcsd=0.555  (2475s)
[15/210] OK  rq2                seed=123  cost/d=    13,817  viol=  99.1%  fcsd=0.657  (2464s)
[16/210] OK  rq2                seed=42  cost/d=    12,698  viol=  99.0%  fcsd=0.633  (2472s)
[17/210] OK  rq2                seed=2024  cost/d=    13,575  viol=  99.0%  fcsd=0.659  (2481s)
[18/210] OK  rq2                seed=456  cost/d=    12,823  viol=  99.4%  fcsd=0.586  (2464s)
[19/210] OK  rq2                seed=789  cost/d=    11,788  viol=  99.4%  fcsd=0.569  (2802s)
[20/210] OK  rq2                seed=2024  cost/d=    13,376  viol=  99.1%  fcsd=0.625  (2799s)
[21/210] OK  rq2                seed=456  cost/d=    13,408  viol=  99.0%  fcsd=0.646  (2788s)
[22/210] OK  rq2                seed=123  cost/d=    13,140  viol=  98.8%  fcsd=0.635  (2793s)
[23/210] OK  rq2                seed=42  cost/d=    14,084  viol=  99.1%  fcsd=0.610  (2796s)
[24/210] OK  rq2                seed=789  cost/d=    13,700  viol=  99.1%  fcsd=0.648  (2805s)
[25/210] OK  rq2                seed=42  cost/d=    14,003  viol=  99.0%  fcsd=0.606  (2419s)
[26/210] OK  rq2                seed=123  cost/d=    13,337  viol=  99.3%  fcsd=0.605  (2419s)
[27/210] OK  rq2                seed=456  cost/d=    13,864  viol=  99.1%  fcsd=0.592  (2419s)
[28/210] OK  rq2                seed=2024  cost/d=    14,171  viol=  98.8%  fcsd=0.609  (2456s)
[29/210] OK  rq2                seed=789  cost/d=    12,863  viol=  99.1%  fcsd=0.580  (2432s)
[30/210] OK  rq2                seed=2024  cost/d=    14,723  viol=  99.0%  fcsd=0.620  (2430s)
[31/210] OK  rq2                seed=42  cost/d=     7,078  viol=  99.1%  fcsd=0.640  (1005s)
[32/210] OK  rq2                seed=123  cost/d=    14,034  viol=  99.1%  fcsd=0.718  (1004s)
[33/210] OK  rq2                seed=42  cost/d=    13,729  viol=  99.1%  fcsd=0.584  (2310s)
[34/210] OK  rq2                seed=456  cost/d=    13,902  viol= 100.0%  fcsd=0.585  (2303s)
[35/210] OK  rq2                seed=123  cost/d=    13,219  viol=  99.3%  fcsd=0.598  (2322s)
[36/210] OK  rq2                seed=789  cost/d=    11,457  viol= 100.0%  fcsd=0.369  (2323s)
[37/210] OK  rq2                seed=2024  cost/d=    13,777  viol=  99.0%  fcsd=0.619  (2332s)
[38/210] OK  rq2                seed=456  cost/d=    14,771  viol=  99.1%  fcsd=0.716  (866s)
[39/210] OK  rq2                seed=789  cost/d=    14,941  viol=  99.1%  fcsd=0.720  (824s)
[40/210] OK  rq2                seed=2024  cost/d=    14,449  viol=  89.6%  fcsd=0.686  (812s)
[41/210] OK  rq2                seed=42  cost/d=     9,359  viol=  99.1%  fcsd=0.633  (824s)
[42/210] OK  rq2                seed=123  cost/d=    14,584  viol=  99.1%  fcsd=0.689  (817s)
[43/210] OK  rq2                seed=456  cost/d=    14,536  viol=  99.1%  fcsd=0.683  (813s)
[44/210] OK  rq2                seed=789  cost/d=    14,845  viol=  99.1%  fcsd=0.693  (815s)
[45/210] OK  rq2                seed=2024  cost/d=    10,916  viol=  93.9%  fcsd=0.630  (810s)
[46/210] OK  rq2                seed=42  cost/d=     9,161  viol=  99.1%  fcsd=0.628  (819s)
[47/210] OK  rq2                seed=123  cost/d=    14,789  viol=  99.1%  fcsd=0.678  (812s)
[48/210] OK  rq2                seed=456  cost/d=    13,798  viol=  97.3%  fcsd=0.653  (808s)
[49/210] OK  rq2                seed=789  cost/d=    14,740  viol=  99.0%  fcsd=0.675  (814s)
[50/210] OK  rq2                seed=2024  cost/d=     5,758  viol=  99.3%  fcsd=0.554  (809s)
[51/210] OK  rq2                seed=42  cost/d=     9,974  viol=  99.1%  fcsd=0.625  (811s)
[52/210] OK  rq2                seed=123  cost/d=    14,959  viol=  99.1%  fcsd=0.671  (811s)
[53/210] OK  rq2                seed=456  cost/d=    12,205  viol=  90.3%  fcsd=0.641  (807s)
[54/210] OK  rq2                seed=789  cost/d=    14,745  viol=  99.0%  fcsd=0.663  (814s)
[55/210] OK  rq2                seed=2024  cost/d=    11,774  viol=  90.2%  fcsd=0.626  (803s)
[56/210] OK  rq2                seed=42  cost/d=    14,611  viol=  99.1%  fcsd=0.657  (808s)
[57/210] OK  rq2                seed=123  cost/d=    14,468  viol=  99.1%  fcsd=0.656  (810s)
[58/210] OK  rq2                seed=456  cost/d=    14,936  viol=  99.1%  fcsd=0.660  (813s)
[59/210] OK  rq2                seed=2024  cost/d=    14,703  viol=  89.3%  fcsd=0.639  (794s)
[60/210] OK  rq2                seed=789  cost/d=    14,990  viol=  99.0%  fcsd=0.659  (803s)
[61/210] OK  rq2                seed=42  cost/d=    10,031  viol=  99.4%  fcsd=0.588  (806s)
[62/210] OK  rq2                seed=123  cost/d=    14,869  viol=  99.1%  fcsd=0.647  (801s)
[63/210] OK  rq2                seed=456  cost/d=    14,221  viol=  98.2%  fcsd=0.612  (799s)
[64/210] OK  rq2                seed=789  cost/d=    14,945  viol=  99.0%  fcsd=0.644  (800s)
[65/210] OK  rq2                seed=2024  cost/d=     5,038  viol=  99.7%  fcsd=0.458  (816s)
[66/210] OK  rq2                seed=42  cost/d=     9,813  viol=  99.6%  fcsd=0.553  (820s)
[67/210] OK  rq2                seed=123  cost/d=    14,982  viol=  99.1%  fcsd=0.640  (818s)
[68/210] OK  rq2                seed=456  cost/d=    13,621  viol=  92.4%  fcsd=0.620  (818s)
[69/210] OK  rq2                seed=789  cost/d=    15,107  viol=  99.1%  fcsd=0.638  (820s)
[70/210] OK  rq2                seed=42  cost/d=    13,746  viol=  65.9%  fcsd=0.761  (824s)
[71/210] OK  rq2                seed=123  cost/d=    12,190  viol=  68.5%  fcsd=0.734  (829s)
[72/210] OK  rq2                seed=456  cost/d=    14,433  viol=  66.5%  fcsd=0.757  (824s)
[73/210] OK  rq2                seed=2024  cost/d=     9,954  viol= 100.0%  fcsd=0.381  (917s)
[74/210] OK  rq2                seed=789  cost/d=    14,347  viol=  67.6%  fcsd=0.761  (831s)
[75/210] OK  rq2                seed=2024  cost/d=    13,080  viol=  71.7%  fcsd=0.744  (821s)
[76/210] OK  rq2                seed=42  cost/d=    12,578  viol=  77.2%  fcsd=0.673  (817s)
[77/210] OK  rq2                seed=123  cost/d=    12,601  viol=  73.4%  fcsd=0.707  (820s)
[78/210] OK  rq2                seed=456  cost/d=    14,552  viol=  71.0%  fcsd=0.715  (815s)
[79/210] OK  rq2                seed=789  cost/d=    14,448  viol=  72.6%  fcsd=0.722  (820s)
[80/210] OK  rq2                seed=2024  cost/d=    13,834  viol=  75.0%  fcsd=0.724  (815s)
[81/210] OK  rq2                seed=42  cost/d=     8,316  viol=  93.9%  fcsd=0.543  (814s)
[82/210] OK  rq2                seed=123  cost/d=    12,588  viol=  75.7%  fcsd=0.693  (814s)
[83/210] OK  rq2                seed=456  cost/d=    12,833  viol=  75.7%  fcsd=0.666  (817s)
[84/210] OK  rq2                seed=789  cost/d=    14,042  viol=  75.6%  fcsd=0.698  (815s)
[85/210] OK  rq2                seed=2024  cost/d=    12,383  viol=  82.1%  fcsd=0.649  (816s)
[86/210] OK  rq2                seed=42  cost/d=    11,438  viol=  83.8%  fcsd=0.631  (813s)
[87/210] OK  rq2                seed=123  cost/d=    11,869  viol=  77.1%  fcsd=0.668  (810s)
[88/210] OK  rq2                seed=456  cost/d=    13,880  viol=  77.7%  fcsd=0.656  (811s)
[89/210] OK  rq2                seed=789  cost/d=    14,808  viol=  76.2%  fcsd=0.706  (809s)
[90/210] OK  rq2                seed=2024  cost/d=    13,852  viol=  81.4%  fcsd=0.656  (808s)
[91/210] OK  rq2                seed=42  cost/d=    11,374  viol=  94.5%  fcsd=0.550  (809s)
[92/210] OK  rq2                seed=123  cost/d=    12,408  viol=  80.2%  fcsd=0.649  (819s)
[93/210] OK  rq2                seed=456  cost/d=    14,837  viol=  78.0%  fcsd=0.670  (808s)
[94/210] OK  rq2                seed=789  cost/d=    13,228  viol=  80.4%  fcsd=0.653  (810s)
[95/210] OK  rq2                seed=2024  cost/d=    13,448  viol=  82.6%  fcsd=0.610  (812s)
[96/210] OK  rq2                seed=42  cost/d=    13,339  viol=  92.9%  fcsd=0.547  (807s)
[97/210] OK  rq2                seed=123  cost/d=    11,288  viol=  83.9%  fcsd=0.632  (816s)
[98/210] OK  rq2                seed=456  cost/d=    14,403  viol=  83.2%  fcsd=0.642  (813s)
[99/210] OK  rq2                seed=789  cost/d=    13,076  viol=  84.8%  fcsd=0.634  (813s)
[100/210] OK  rq2                seed=2024  cost/d=    13,245  viol=  97.3%  fcsd=0.614  (815s)
[101/210] OK  rq2                seed=42  cost/d=     5,129  viol=  98.5%  fcsd=0.438  (818s)
[102/210] OK  rq2                seed=123  cost/d=    10,655  viol=  86.2%  fcsd=0.614  (821s)
[103/210] OK  rq2                seed=456  cost/d=    14,541  viol=  87.2%  fcsd=0.636  (822s)
[104/210] OK  rq2                seed=789  cost/d=    13,679  viol=  83.3%  fcsd=0.639  (919s)
[105/210] OK  rq2                seed=2024  cost/d=    13,342  viol=  90.9%  fcsd=0.588  (961s)
[106/210] OK  rq2                seed=42  cost/d=    13,048  viol=  77.7%  fcsd=0.732  (2339s)
[107/210] OK  rq2                seed=456  cost/d=    12,779  viol=  75.6%  fcsd=0.738  (2342s)
[108/210] OK  rq2                seed=123  cost/d=    12,529  viol=  76.8%  fcsd=0.737  (2347s)
[109/210] OK  rq2                seed=789  cost/d=    12,800  viol=  75.7%  fcsd=0.742  (2365s)
[110/210] OK  rq2                seed=2024  cost/d=    12,706  viol=  76.3%  fcsd=0.739  (2399s)
[111/210] OK  rq2                seed=42  cost/d=    13,784  viol=  80.4%  fcsd=0.711  (2411s)
[112/210] OK  rq2                seed=456  cost/d=    13,593  viol=  89.1%  fcsd=0.683  (2393s)
[113/210] OK  rq2                seed=123  cost/d=    13,408  viol=  79.5%  fcsd=0.713  (2427s)
[114/210] OK  rq2                seed=789  cost/d=    13,612  viol=  79.6%  fcsd=0.715  (2427s)
[115/210] OK  rq2                seed=2024  cost/d=    12,107  viol=  79.3%  fcsd=0.695  (2401s)
[116/210] OK  rq2                seed=42  cost/d=    12,882  viol=  84.5%  fcsd=0.676  (2406s)
[117/210] OK  rq2                seed=123  cost/d=    13,294  viol=  85.3%  fcsd=0.687  (2422s)
[118/210] OK  rq2                seed=456  cost/d=    13,646  viol=  83.8%  fcsd=0.695  (2404s)
[119/210] OK  rq2                seed=789  cost/d=    12,320  viol=  82.0%  fcsd=0.676  (2426s)
[120/210] OK  rq2                seed=2024  cost/d=    10,712  viol=  91.5%  fcsd=0.609  (2412s)
[121/210] OK  rq2                seed=42  cost/d=    12,810  viol=  91.1%  fcsd=0.650  (2427s)
[122/210] OK  rq2                seed=123  cost/d=    13,112  viol=  86.3%  fcsd=0.665  (2432s)
[123/210] OK  rq2                seed=456  cost/d=    12,984  viol=  94.5%  fcsd=0.639  (2421s)
[124/210] OK  rq2                seed=789  cost/d=    12,179  viol=  86.6%  fcsd=0.657  (1672s)
[125/210] OK  rq2                seed=2024  cost/d=    10,373  viol=  91.2%  fcsd=0.607  (1649s)
[126/210] OK  rq2                seed=42  cost/d=    12,791  viol=  98.1%  fcsd=0.632  (1642s)
[127/210] OK  rq2                seed=123  cost/d=    12,779  viol=  88.5%  fcsd=0.640  (1589s)
[128/210] OK  rq2                seed=456  cost/d=    13,076  viol=  95.8%  fcsd=0.634  (1144s)
[129/210] OK  rq2                seed=789  cost/d=    13,179  viol=  88.2%  fcsd=0.654  (978s)
[130/210] OK  rq2                seed=2024  cost/d=    12,865  viol=  97.8%  fcsd=0.602  (821s)
[131/210] OK  rq2                seed=42  cost/d=    13,013  viol=  98.4%  fcsd=0.622  (835s)
[132/210] OK  rq2                seed=123  cost/d=    10,833  viol=  91.4%  fcsd=0.610  (828s)
[133/210] OK  rq2                seed=456  cost/d=    12,647  viol=  95.8%  fcsd=0.622  (834s)
[134/210] OK  rq2                seed=789  cost/d=    13,606  viol=  89.7%  fcsd=0.643  (843s)
[135/210] OK  rq2                seed=2024  cost/d=    13,554  viol=  93.3%  fcsd=0.628  (847s)
[136/210] OK  rq2                seed=42  cost/d=    12,504  viol=  96.3%  fcsd=0.605  (840s)
[137/210] OK  rq2                seed=123  cost/d=    13,890  viol=  94.8%  fcsd=0.625  (822s)
[138/210] OK  rq2                seed=456  cost/d=    13,169  viol=  98.1%  fcsd=0.603  (827s)
[139/210] OK  rq2                seed=789  cost/d=    13,816  viol=  95.1%  fcsd=0.624  (834s)
[140/210] OK  rq2                seed=2024  cost/d=    11,183  viol=  93.8%  fcsd=0.597  (841s)
[141/210] OK  rq2                seed=42  cost/d=    14,314  viol=  68.0%  fcsd=0.769  (1097s)
[142/210] OK  rq2                seed=123  cost/d=    14,185  viol=  71.7%  fcsd=0.762  (1082s)
[143/210] OK  rq2                seed=789  cost/d=    15,165  viol=  65.6%  fcsd=0.778  (1076s)
[144/210] OK  rq2                seed=456  cost/d=    14,908  viol=  64.6%  fcsd=0.783  (1085s)
[145/210] OK  rq2                seed=2024  cost/d=    14,766  viol=  67.4%  fcsd=0.773  (1094s)
[146/210] OK  rq2                seed=42  cost/d=    14,312  viol=  69.3%  fcsd=0.736  (1068s)
[147/210] OK  rq2                seed=123  cost/d=    14,925  viol=  74.0%  fcsd=0.742  (1060s)
[148/210] OK  rq2                seed=456  cost/d=    15,230  viol=  70.4%  fcsd=0.751  (1060s)
[149/210] OK  rq2                seed=789  cost/d=    15,283  viol=  71.3%  fcsd=0.750  (1061s)
[150/210] OK  rq2                seed=2024  cost/d=    15,296  viol=  71.0%  fcsd=0.750  (1057s)
[151/210] OK  rq2                seed=42  cost/d=    14,508  viol=  71.4%  fcsd=0.723  (1054s)
[152/210] OK  rq2                seed=123  cost/d=    15,190  viol=  79.6%  fcsd=0.727  (1044s)
[153/210] OK  rq2                seed=456  cost/d=    15,224  viol=  76.3%  fcsd=0.725  (1492s)
[154/210] OK  rq2                seed=789  cost/d=    14,821  viol=  77.5%  fcsd=0.723  (2394s)
[155/210] OK  rq2                seed=2024  cost/d=    15,352  viol=  75.7%  fcsd=0.724  (2412s)
[156/210] OK  rq2                seed=42  cost/d=    15,013  viol=  81.8%  fcsd=0.701  (2422s)
[157/210] OK  rq2                seed=123  cost/d=    13,427  viol=  68.6%  fcsd=0.702  (2503s)
[158/210] OK  rq2                seed=456  cost/d=    15,281  viol=  78.6%  fcsd=0.708  (2836s)
[159/210] OK  rq2                seed=789  cost/d=    15,316  viol=  83.9%  fcsd=0.704  (3002s)
[160/210] OK  rq2                seed=2024  cost/d=    15,247  viol=  81.4%  fcsd=0.702  (2950s)
[161/210] OK  rq2                seed=42  cost/d=    15,310  viol=  84.7%  fcsd=0.682  (2939s)
[162/210] OK  rq2                seed=123  cost/d=    15,030  viol=  80.2%  fcsd=0.686  (2941s)
[163/210] OK  rq2                seed=456  cost/d=    15,290  viol=  82.1%  fcsd=0.689  (2934s)
[164/210] OK  rq2                seed=789  cost/d=    14,913  viol=  87.2%  fcsd=0.673  (2942s)
[165/210] OK  rq2                seed=2024  cost/d=    15,291  viol=  82.3%  fcsd=0.688  (3278s)
[166/210] OK  rq2                seed=123  cost/d=    15,025  viol=  87.8%  fcsd=0.663  (2547s)
[167/210] OK  rq2                seed=456  cost/d=    15,196  viol=  89.0%  fcsd=0.658  (2541s)
[168/210] OK  rq2                seed=42  cost/d=    14,133  viol=  78.6%  fcsd=0.672  (2562s)
[169/210] OK  rq2                seed=789  cost/d=    15,286  viol=  85.6%  fcsd=0.671  (2502s)
[170/210] OK  rq2                seed=2024  cost/d=    15,449  viol=  92.9%  fcsd=0.569  (2281s)
[171/210] OK  rq2                seed=42  cost/d=    14,525  viol=  81.2%  fcsd=0.658  (1505s)
[172/210] OK  rq2                seed=789  cost/d=    15,113  viol=  88.2%  fcsd=0.648  (1621s)
[173/210] OK  rq2                seed=123  cost/d=    15,218  viol=  89.7%  fcsd=0.648  (1633s)
[174/210] OK  rq2                seed=456  cost/d=    15,373  viol=  94.3%  fcsd=0.645  (1639s)
[175/210] OK  rq2                seed=2024  cost/d=    14,992  viol=  77.7%  fcsd=0.660  (1649s)
[176/210] OK  rq2                seed=42  cost/d=    14,384  viol=  65.8%  fcsd=0.777  (2429s)
[177/210] OK  rq2                seed=123  cost/d=    15,551  viol=  86.0%  fcsd=0.637  (2442s)
[178/210] OK  rq2                seed=456  cost/d=    14,493  viol=  66.1%  fcsd=0.777  (2440s)
[179/210] OK  rq2                seed=789  cost/d=    14,998  viol=  68.0%  fcsd=0.774  (2457s)
[180/210] OK  rq2                seed=2024  cost/d=    14,810  viol=  60.9%  fcsd=0.766  (2482s)
[181/210] OK  rq2                seed=42  cost/d=    14,618  viol=  75.1%  fcsd=0.736  (2461s)
[182/210] OK  rq2                seed=123  cost/d=    13,739  viol=  64.0%  fcsd=0.733  (2448s)
[183/210] OK  rq2                seed=456  cost/d=    15,254  viol=  68.6%  fcsd=0.758  (2453s)
[184/210] OK  rq2                seed=789  cost/d=    14,654  viol=  74.9%  fcsd=0.739  (2460s)
[185/210] OK  rq2                seed=2024  cost/d=    14,938  viol=  66.7%  fcsd=0.749  (2470s)
[186/210] OK  rq2                seed=42  cost/d=    14,825  viol=  78.4%  fcsd=0.718  (2462s)
[187/210] OK  rq2                seed=123  cost/d=    15,142  viol=  71.4%  fcsd=0.733  (2460s)
[188/210] OK  rq2                seed=456  cost/d=    15,365  viol=  73.5%  fcsd=0.738  (2444s)
[189/210] OK  rq2                seed=789  cost/d=    15,294  viol=  73.4%  fcsd=0.725  (2446s)
[190/210] OK  rq2                seed=2024  cost/d=    15,222  viol=  79.2%  fcsd=0.717  (2482s)
[191/210] OK  rq2                seed=42  cost/d=    15,309  viol=  81.7%  fcsd=0.708  (2464s)
[192/210] OK  rq2                seed=123  cost/d=    14,808  viol=  82.7%  fcsd=0.598  (2466s)
[193/210] OK  rq2                seed=456  cost/d=    15,431  viol=  89.9%  fcsd=0.693  (2460s)
[194/210] OK  rq2                seed=789  cost/d=    14,086  viol=  75.0%  fcsd=0.704  (2456s)
[195/210] OK  rq2                seed=2024  cost/d=    14,967  viol=  84.1%  fcsd=0.688  (2459s)
[196/210] OK  rq2                seed=123  cost/d=    15,309  viol=  83.9%  fcsd=0.684  (2314s)
[197/210] OK  rq2                seed=42  cost/d=    14,291  viol=  79.3%  fcsd=0.690  (2330s)
[198/210] OK  rq2                seed=456  cost/d=    15,411  viol=  93.9%  fcsd=0.674  (2296s)
[199/210] OK  rq2                seed=789  cost/d=    14,432  viol=  86.2%  fcsd=0.679  (2272s)
[200/210] OK  rq2                seed=2024  cost/d=    15,170  viol=  83.0%  fcsd=0.685  (1979s)
[201/210] OK  rq2                seed=42  cost/d=    15,197  viol=  83.5%  fcsd=0.677  (1797s)
[202/210] OK  rq2                seed=456  cost/d=    14,726  viol=  88.2%  fcsd=0.658  (1728s)
[203/210] OK  rq2                seed=123  cost/d=    14,417  viol=  81.5%  fcsd=0.666  (1736s)
[204/210] OK  rq2                seed=789  cost/d=    15,390  viol=  82.7%  fcsd=0.685  (1733s)
[205/210] OK  rq2                seed=2024  cost/d=    15,203  viol=  87.5%  fcsd=0.662  (1731s)
[206/210] OK  rq2                seed=42  cost/d=    15,069  viol=  77.2%  fcsd=0.674  (1683s)
[207/210] OK  rq2                seed=123  cost/d=    14,880  viol=  86.6%  fcsd=0.658  (1625s)
[208/210] OK  rq2                seed=456  cost/d=    15,326  viol=  88.1%  fcsd=0.652  (1463s)
[209/210] OK  rq2                seed=789  cost/d=    15,340  viol=  86.9%  fcsd=0.656  (1461s)
[210/210] OK  rq2                seed=2024  cost/d=    15,269  viol=  87.6%  fcsd=0.649  (1460s)
[1/6] OK  rq2                seed=42  cost/d=    15,688  viol=   0.1%  fcsd=1.000  (430s)
[2/6] OK  rq2                seed=42  cost/d=    14,074  viol=   0.0%  fcsd=1.000  (431s)
[3/6] OK  rq2                seed=42  cost/d=    12,857  viol=  97.0%  fcsd=0.794  (1049s)
[4/6] OK  rq2                seed=42  cost/d=    13,056  viol=  35.1%  fcsd=0.890  (1060s)
[5/6] OK  rq2                seed=42  cost/d=    12,716  viol=   0.3%  fcsd=0.996  (1218s)
[6/6] OK  rq2                seed=42  cost/d=    12,516  viol=   0.3%  fcsd=0.991  (1526s)
[1/6] OK  rq2                seed=42  cost/d=    16,742  viol=   0.0%  fcsd=1.000  (586s)
[2/6] OK  rq2                seed=42  cost/d=    17,729  viol=   0.0%  fcsd=1.000  (588s)
[3/6] OK  rq2                seed=42  cost/d=    15,197  viol=  97.3%  fcsd=0.794  (1254s)
[4/6] OK  rq2                seed=42  cost/d=    12,156  viol=  49.4%  fcsd=0.827  (1262s)
[5/6] OK  rq2                seed=42  cost/d=    14,473  viol=   0.4%  fcsd=0.991  (1427s)
[6/6] OK  rq2                seed=42  cost/d=    14,772  viol=   0.7%  fcsd=0.990  (2152s)
[1/6] OK  rq2                seed=42  cost/d=    13,890  viol=  42.7%  fcsd=0.908  (651s)
[2/6] OK  rq2                seed=42  cost/d=    14,096  viol=  73.2%  fcsd=0.846  (652s)
[3/6] OK  rq2                seed=42  cost/d=    11,728  viol=  98.2%  fcsd=0.792  (1463s)
[4/6] OK  rq2                seed=42  cost/d=     9,658  viol=  63.5%  fcsd=0.796  (1473s)
[5/6] OK  rq2                seed=42  cost/d=    13,974  viol=  10.9%  fcsd=0.961  (1696s)
[6/6] OK  rq2                seed=42  cost/d=    14,464  viol=  16.1%  fcsd=0.944  (1964s)
[1/6] OK  rq2                seed=42  cost/d=    13,890  viol=  42.7%  fcsd=0.908  (491s)
[2/6] OK  rq2                seed=42  cost/d=    14,096  viol=  73.2%  fcsd=0.846  (494s)
[3/6] OK  rq2                seed=42  cost/d=    11,728  viol=  98.2%  fcsd=0.792  (1138s)
[4/6] OK  rq2                seed=42  cost/d=     9,658  viol=  63.5%  fcsd=0.796  (1144s)
[5/6] OK  rq2                seed=42  cost/d=    13,974  viol=  10.9%  fcsd=0.961  (1316s)
[6/6] OK  rq2                seed=42  cost/d=    14,364  viol=  13.2%  fcsd=0.954  (1536s)
[1/6] OK  rq2                seed=42  cost/d=    14,096  viol=  73.2%  fcsd=0.846  (713s)
[2/6] OK  rq2                seed=42  cost/d=    13,890  viol=  42.7%  fcsd=0.908  (714s)
[3/6] OK  rq2                seed=42  cost/d=    11,728  viol=  98.2%  fcsd=0.792  (1279s)
[4/6] OK  rq2                seed=42  cost/d=     9,658  viol=  63.5%  fcsd=0.796  (1281s)
[5/6] OK  rq2                seed=42  cost/d=    13,974  viol=  10.9%  fcsd=0.961  (1400s)
[6/6] OK  rq2                seed=42  cost/d=    14,187  viol=  15.3%  fcsd=0.947  (1585s)
[1/6] OK  rq2                seed=42  cost/d=    17,110  viol=  42.9%  fcsd=0.911  (475s)
[2/6] OK  rq2                seed=42  cost/d=    16,489  viol=   0.9%  fcsd=0.997  (476s)
[3/6] OK  rq2                seed=42  cost/d=    14,109  viol=  99.3%  fcsd=0.790  (1094s)
[4/6] OK  rq2                seed=42  cost/d=    12,566  viol=  47.3%  fcsd=0.849  (1108s)
[5/6] OK  rq2                seed=42  cost/d=    13,827  viol=   3.4%  fcsd=0.981  (1275s)
[6/6] OK  rq2                seed=42  cost/d=    15,453  viol=   3.1%  fcsd=0.982  (1465s)
[1/210] OK  rq2                seed=456  cost/d=    13,624  viol=  78.4%  fcsd=0.799  (1887s)
[2/210] OK  rq2                seed=2024  cost/d=     9,283  viol=  98.5%  fcsd=0.777  (1893s)
[3/210] OK  rq2                seed=42  cost/d=    12,495  viol=  98.8%  fcsd=0.792  (1896s)
[4/210] OK  rq2                seed=789  cost/d=    11,423  viol=  98.8%  fcsd=0.782  (1908s)
[5/210] OK  rq2                seed=42  cost/d=    10,847  viol=  97.2%  fcsd=0.795  (1909s)
[6/210] OK  rq2                seed=123  cost/d=    10,784  viol=  98.8%  fcsd=0.791  (1909s)
[7/210] OK  rq2                seed=123  cost/d=    16,107  viol=  99.1%  fcsd=0.780  (1869s)
[8/210] OK  rq2                seed=789  cost/d=    16,050  viol=  97.2%  fcsd=0.792  (1875s)
[9/210] OK  rq2                seed=456  cost/d=    11,998  viol=  98.4%  fcsd=0.792  (1884s)
[10/210] OK  rq2                seed=2024  cost/d=    11,135  viol=  98.5%  fcsd=0.789  (1870s)
[11/210] OK  rq2                seed=123  cost/d=    16,865  viol=  99.4%  fcsd=0.774  (1875s)
[12/210] OK  rq2                seed=42  cost/d=    16,495  viol=  99.4%  fcsd=0.737  (1878s)
[13/210] OK  rq2                seed=456  cost/d=    12,659  viol=  97.6%  fcsd=0.793  (1187s)
[14/210] OK  rq2                seed=2024  cost/d=    14,919  viol=  99.3%  fcsd=0.721  (1167s)
[15/210] OK  rq2                seed=789  cost/d=    13,107  viol=  97.8%  fcsd=0.794  (1174s)
[16/210] OK  rq2                seed=42  cost/d=    16,272  viol=  99.3%  fcsd=0.727  (1173s)
[17/210] OK  rq2                seed=123  cost/d=    16,568  viol=  99.4%  fcsd=0.761  (1168s)
[18/210] OK  rq2                seed=456  cost/d=    13,433  viol=  97.6%  fcsd=0.794  (1170s)
[19/210] OK  rq2                seed=2024  cost/d=    13,428  viol=  97.5%  fcsd=0.790  (2611s)
[20/210] OK  rq2                seed=789  cost/d=    15,558  viol=  90.9%  fcsd=0.769  (2614s)
[21/210] OK  rq2                seed=42  cost/d=    16,877  viol=  99.4%  fcsd=0.730  (2614s)
[22/210] OK  rq2                seed=456  cost/d=    13,133  viol=  99.0%  fcsd=0.790  (2610s)
[23/210] OK  rq2                seed=123  cost/d=    13,255  viol=  98.2%  fcsd=0.791  (2611s)
[24/210] OK  rq2                seed=789  cost/d=    16,789  viol=  99.3%  fcsd=0.736  (2626s)
[25/210] OK  rq2                seed=42  cost/d=    14,818  viol=  96.3%  fcsd=0.795  (868s)
[26/210] OK  rq2                seed=456  cost/d=    12,624  viol=  99.0%  fcsd=0.790  (866s)
[27/210] OK  rq2                seed=123  cost/d=    13,015  viol=  99.0%  fcsd=0.790  (868s)
[28/210] OK  rq2                seed=2024  cost/d=    13,562  viol=  96.9%  fcsd=0.789  (875s)
[29/210] OK  rq2                seed=789  cost/d=    16,461  viol=  99.4%  fcsd=0.726  (870s)
[30/210] OK  rq2                seed=2024  cost/d=    13,455  viol=  98.8%  fcsd=0.788  (854s)
[31/210] OK  rq2                seed=42  cost/d=    13,163  viol=   0.9%  fcsd=0.998  (294s)
[32/210] OK  rq2                seed=123  cost/d=    12,346  viol=  22.8%  fcsd=0.951  (289s)
[33/210] OK  rq2                seed=42  cost/d=    14,109  viol=  99.3%  fcsd=0.790  (850s)
[34/210] OK  rq2                seed=456  cost/d=    14,819  viol=  98.8%  fcsd=0.790  (853s)
[35/210] OK  rq2                seed=123  cost/d=    13,326  viol=  98.8%  fcsd=0.790  (858s)
[36/210] OK  rq2                seed=789  cost/d=    13,640  viol=  99.0%  fcsd=0.790  (857s)
[37/210] OK  rq2                seed=2024  cost/d=    17,451  viol=  99.4%  fcsd=0.663  (859s)
[38/210] OK  rq2                seed=456  cost/d=    14,264  viol=   0.0%  fcsd=1.000  (292s)
[39/210] OK  rq2                seed=789  cost/d=    13,251  viol=   0.1%  fcsd=0.999  (288s)
[40/210] OK  rq2                seed=2024  cost/d=     7,862  viol=  99.0%  fcsd=0.791  (286s)
[41/210] OK  rq2                seed=42  cost/d=    13,709  viol=   0.0%  fcsd=1.000  (288s)
[42/210] OK  rq2                seed=456  cost/d=    16,673  viol=  23.8%  fcsd=0.950  (284s)
[43/210] OK  rq2                seed=123  cost/d=    14,400  viol=  23.2%  fcsd=0.951  (289s)
[44/210] OK  rq2                seed=789  cost/d=    12,392  viol=  58.5%  fcsd=0.876  (281s)
[45/210] OK  rq2                seed=2024  cost/d=    10,866  viol=  96.1%  fcsd=0.794  (292s)
[46/210] OK  rq2                seed=42  cost/d=    13,811  viol=  21.4%  fcsd=0.954  (297s)
[47/210] OK  rq2                seed=123  cost/d=    11,897  viol=  41.7%  fcsd=0.870  (300s)
[48/210] OK  rq2                seed=456  cost/d=    16,511  viol=  39.6%  fcsd=0.917  (300s)
[49/210] OK  rq2                seed=789  cost/d=    12,355  viol=  59.2%  fcsd=0.875  (308s)
[50/210] OK  rq2                seed=2024  cost/d=     9,919  viol=  97.6%  fcsd=0.794  (307s)
[51/210] OK  rq2                seed=123  cost/d=    14,335  viol=  43.8%  fcsd=0.908  (315s)
[52/210] OK  rq2                seed=42  cost/d=    14,540  viol=   0.0%  fcsd=1.000  (322s)
[53/210] OK  rq2                seed=789  cost/d=    12,677  viol=  60.4%  fcsd=0.873  (307s)
[54/210] OK  rq2                seed=456  cost/d=    16,487  viol=  36.3%  fcsd=0.923  (310s)
[55/210] OK  rq2                seed=2024  cost/d=     9,469  viol=  99.0%  fcsd=0.792  (303s)
[56/210] OK  rq2                seed=42  cost/d=    17,111  viol=  42.3%  fcsd=0.912  (303s)
[57/210] OK  rq2                seed=123  cost/d=    16,462  viol=  22.8%  fcsd=0.952  (286s)
[58/210] OK  rq2                seed=456  cost/d=    16,627  viol=  18.9%  fcsd=0.959  (286s)
[59/210] OK  rq2                seed=2024  cost/d=    11,805  viol=  98.2%  fcsd=0.793  (283s)
[60/210] OK  rq2                seed=789  cost/d=    10,532  viol=  98.8%  fcsd=0.791  (287s)
[61/210] OK  rq2                seed=42  cost/d=    17,254  viol=  42.0%  fcsd=0.912  (289s)
[62/210] OK  rq2                seed=123  cost/d=     5,366  viol=  98.4%  fcsd=0.628  (282s)
[63/210] OK  rq2                seed=456  cost/d=    16,738  viol=  33.3%  fcsd=0.930  (286s)
[64/210] OK  rq2                seed=2024  cost/d=    15,315  viol=  12.1%  fcsd=0.961  (288s)
[65/210] OK  rq2                seed=789  cost/d=    11,566  viol=  99.0%  fcsd=0.791  (290s)
[66/210] OK  rq2                seed=42  cost/d=    17,110  viol=  42.9%  fcsd=0.911  (289s)
[67/210] OK  rq2                seed=123  cost/d=       351  viol= 100.0%  fcsd=0.470  (290s)
[68/210] OK  rq2                seed=456  cost/d=    13,156  viol=  98.8%  fcsd=0.791  (286s)
[69/210] OK  rq2                seed=789  cost/d=    11,344  viol=  94.2%  fcsd=0.801  (290s)
[70/210] OK  rq2                seed=2024  cost/d=    12,779  viol=  98.8%  fcsd=0.792  (288s)
[71/210] OK  rq2                seed=42  cost/d=    14,398  viol=   0.0%  fcsd=1.000  (291s)
[72/210] OK  rq2                seed=123  cost/d=    12,617  viol=   0.0%  fcsd=1.000  (292s)
[73/210] OK  rq2                seed=456  cost/d=    14,518  viol=   0.0%  fcsd=1.000  (290s)
[74/210] OK  rq2                seed=789  cost/d=    14,960  viol=   0.0%  fcsd=1.000  (293s)
[75/210] OK  rq2                seed=2024  cost/d=    14,764  viol=  22.5%  fcsd=0.953  (300s)
[76/210] OK  rq2                seed=42  cost/d=    14,742  viol=   0.0%  fcsd=1.000  (303s)
[77/210] OK  rq2                seed=123  cost/d=    13,201  viol=   0.0%  fcsd=1.000  (304s)
[78/210] OK  rq2                seed=456  cost/d=    10,022  viol=  44.9%  fcsd=0.873  (301s)
[79/210] OK  rq2                seed=789  cost/d=    13,882  viol=   0.1%  fcsd=1.000  (301s)
[80/210] OK  rq2                seed=2024  cost/d=    15,372  viol=   0.0%  fcsd=1.000  (300s)
[81/210] OK  rq2                seed=42  cost/d=    15,455  viol=   0.0%  fcsd=1.000  (287s)
[82/210] OK  rq2                seed=123  cost/d=    13,515  viol=  23.5%  fcsd=0.950  (290s)
[83/210] OK  rq2                seed=456  cost/d=    10,346  viol=  25.6%  fcsd=0.916  (287s)
[84/210] OK  rq2                seed=789  cost/d=    15,495  viol=   0.0%  fcsd=1.000  (290s)
[85/210] OK  rq2                seed=2024  cost/d=    15,503  viol=   0.0%  fcsd=1.000  (290s)
[86/210] OK  rq2                seed=42  cost/d=    15,460  viol=   0.0%  fcsd=1.000  (288s)
[87/210] OK  rq2                seed=123  cost/d=    14,092  viol=   0.0%  fcsd=1.000  (294s)
[88/210] OK  rq2                seed=789  cost/d=    15,761  viol=   0.0%  fcsd=1.000  (288s)
[89/210] OK  rq2                seed=456  cost/d=    12,165  viol=  11.6%  fcsd=0.960  (294s)
[90/210] OK  rq2                seed=2024  cost/d=    15,624  viol=   0.0%  fcsd=1.000  (289s)
[91/210] OK  rq2                seed=42  cost/d=    15,812  viol=   0.0%  fcsd=1.000  (290s)
[92/210] OK  rq2                seed=123  cost/d=    16,716  viol=   0.0%  fcsd=1.000  (291s)
[93/210] OK  rq2                seed=456  cost/d=    13,855  viol=  15.0%  fcsd=0.954  (294s)
[94/210] OK  rq2                seed=789  cost/d=    15,394  viol=   0.0%  fcsd=1.000  (294s)
[95/210] OK  rq2                seed=2024  cost/d=    15,814  viol=   0.1%  fcsd=0.999  (295s)
[96/210] OK  rq2                seed=42  cost/d=    15,998  viol=   0.4%  fcsd=0.998  (297s)
[97/210] OK  rq2                seed=123  cost/d=    17,179  viol=   0.0%  fcsd=1.000  (298s)
[98/210] OK  rq2                seed=456  cost/d=    14,897  viol=   1.9%  fcsd=0.994  (297s)
[99/210] OK  rq2                seed=789  cost/d=    16,101  viol=   0.0%  fcsd=1.000  (315s)
[100/210] OK  rq2                seed=2024  cost/d=    15,591  viol=  25.0%  fcsd=0.947  (314s)
[101/210] OK  rq2                seed=42  cost/d=    16,489  viol=   0.9%  fcsd=0.997  (315s)
[102/210] OK  rq2                seed=123  cost/d=    17,452  viol=  16.5%  fcsd=0.966  (320s)
[103/210] OK  rq2                seed=789  cost/d=    16,337  viol=  19.6%  fcsd=0.959  (313s)
[104/210] OK  rq2                seed=456  cost/d=    15,755  viol=   5.1%  fcsd=0.984  (318s)
[105/210] OK  rq2                seed=2024  cost/d=    15,618  viol=  24.9%  fcsd=0.947  (294s)
[106/210] OK  rq2                seed=123  cost/d=    10,002  viol=  47.9%  fcsd=0.845  (896s)
[107/210] OK  rq2                seed=2024  cost/d=     7,237  viol=  60.3%  fcsd=0.808  (883s)
[108/210] OK  rq2                seed=42  cost/d=    13,264  viol=  21.9%  fcsd=0.929  (910s)
[109/210] OK  rq2                seed=789  cost/d=     9,029  viol=  48.1%  fcsd=0.848  (892s)
[110/210] OK  rq2                seed=456  cost/d=     9,837  viol=  35.9%  fcsd=0.887  (917s)
[111/210] OK  rq2                seed=42  cost/d=     9,374  viol=  42.7%  fcsd=0.864  (917s)
[112/210] OK  rq2                seed=123  cost/d=     6,820  viol=  65.9%  fcsd=0.791  (898s)
[113/210] OK  rq2                seed=789  cost/d=    13,428  viol=   7.1%  fcsd=0.977  (898s)
[114/210] OK  rq2                seed=2024  cost/d=    13,635  viol=   4.6%  fcsd=0.985  (898s)
[115/210] OK  rq2                seed=456  cost/d=     9,842  viol=  34.5%  fcsd=0.890  (911s)
[116/210] OK  rq2                seed=42  cost/d=     7,785  viol=  68.3%  fcsd=0.785  (907s)
[117/210] OK  rq2                seed=123  cost/d=    11,843  viol=  29.8%  fcsd=0.907  (897s)
[118/210] OK  rq2                seed=2024  cost/d=    10,124  viol=  38.2%  fcsd=0.879  (894s)
[119/210] OK  rq2                seed=789  cost/d=     7,980  viol=  60.1%  fcsd=0.811  (898s)
[120/210] OK  rq2                seed=456  cost/d=    11,156  viol=  35.0%  fcsd=0.889  (909s)
[121/210] OK  rq2                seed=42  cost/d=     7,602  viol=  74.4%  fcsd=0.762  (910s)
[122/210] OK  rq2                seed=123  cost/d=     9,035  viol=  57.6%  fcsd=0.810  (896s)
[123/210] OK  rq2                seed=456  cost/d=    13,791  viol=   6.2%  fcsd=0.978  (919s)
[124/210] OK  rq2                seed=2024  cost/d=     7,646  viol=  71.1%  fcsd=0.773  (897s)
[125/210] OK  rq2                seed=789  cost/d=    11,843  viol=  37.6%  fcsd=0.880  (902s)
[126/210] OK  rq2                seed=42  cost/d=    11,558  viol=  48.8%  fcsd=0.836  (906s)
[127/210] OK  rq2                seed=123  cost/d=     9,778  viol=  56.5%  fcsd=0.820  (905s)
[128/210] OK  rq2                seed=456  cost/d=     9,586  viol=  54.0%  fcsd=0.827  (907s)
[129/210] OK  rq2                seed=789  cost/d=    11,455  viol=  39.9%  fcsd=0.872  (905s)
[130/210] OK  rq2                seed=2024  cost/d=    10,233  viol=  46.6%  fcsd=0.852  (909s)
[131/210] OK  rq2                seed=123  cost/d=     9,023  viol=  69.6%  fcsd=0.771  (910s)
[132/210] OK  rq2                seed=42  cost/d=    15,276  viol=  21.1%  fcsd=0.934  (924s)
[133/210] OK  rq2                seed=456  cost/d=    12,108  viol=  45.1%  fcsd=0.856  (909s)
[134/210] OK  rq2                seed=789  cost/d=    12,423  viol=  35.4%  fcsd=0.887  (916s)
[135/210] OK  rq2                seed=2024  cost/d=     8,938  viol=  70.2%  fcsd=0.768  (909s)
[136/210] OK  rq2                seed=123  cost/d=     7,619  viol=  91.5%  fcsd=0.673  (893s)
[137/210] OK  rq2                seed=42  cost/d=    12,566  viol=  47.3%  fcsd=0.849  (918s)
[138/210] OK  rq2                seed=789  cost/d=    10,772  viol=  68.5%  fcsd=0.770  (896s)
[139/210] OK  rq2                seed=456  cost/d=    11,824  viol=  55.2%  fcsd=0.825  (913s)
[140/210] OK  rq2                seed=2024  cost/d=     9,725  viol=  71.1%  fcsd=0.775  (905s)
[141/210] OK  rq2                seed=42  cost/d=    11,372  viol=   0.3%  fcsd=0.995  (1172s)
[142/210] OK  rq2                seed=123  cost/d=    12,082  viol=   0.3%  fcsd=0.992  (1162s)
[143/210] OK  rq2                seed=789  cost/d=    11,808  viol=   0.1%  fcsd=0.995  (1149s)
[144/210] OK  rq2                seed=456  cost/d=    11,950  viol=   0.3%  fcsd=0.995  (1166s)
[145/210] OK  rq2                seed=2024  cost/d=    12,961  viol=   0.4%  fcsd=0.994  (1162s)
[146/210] OK  rq2                seed=42  cost/d=    12,275  viol=   0.3%  fcsd=0.991  (1152s)
[147/210] OK  rq2                seed=123  cost/d=    12,348  viol=   0.7%  fcsd=0.990  (1161s)
[148/210] OK  rq2                seed=789  cost/d=    12,550  viol=   0.0%  fcsd=0.992  (1140s)
[149/210] OK  rq2                seed=456  cost/d=    12,234  viol=   0.7%  fcsd=0.995  (1146s)
[150/210] OK  rq2                seed=2024  cost/d=    11,010  viol=   2.1%  fcsd=0.983  (1154s)
[151/210] OK  rq2                seed=123  cost/d=    12,134  viol=   1.3%  fcsd=0.988  (1144s)
[152/210] OK  rq2                seed=42  cost/d=    12,507  viol=   0.3%  fcsd=0.991  (1154s)
[153/210] OK  rq2                seed=456  cost/d=    12,817  viol=   0.6%  fcsd=0.997  (1154s)
[154/210] OK  rq2                seed=789  cost/d=    12,762  viol=   0.3%  fcsd=0.992  (1137s)
[155/210] OK  rq2                seed=2024  cost/d=    12,226  viol=   2.5%  fcsd=0.986  (1145s)
[156/210] OK  rq2                seed=42  cost/d=    12,644  viol=   0.4%  fcsd=0.990  (1138s)
[157/210] OK  rq2                seed=123  cost/d=    12,777  viol=   0.4%  fcsd=0.993  (1140s)
[158/210] OK  rq2                seed=456  cost/d=    13,242  viol=   0.7%  fcsd=0.992  (1150s)
[159/210] OK  rq2                seed=789  cost/d=    12,747  viol=   0.9%  fcsd=0.991  (1153s)
[160/210] OK  rq2                seed=2024  cost/d=    14,195  viol=   1.9%  fcsd=0.992  (1175s)
[161/210] OK  rq2                seed=42  cost/d=    13,367  viol=   1.2%  fcsd=0.988  (1169s)
[162/210] OK  rq2                seed=123  cost/d=    13,525  viol=   1.0%  fcsd=0.989  (1167s)
[163/210] OK  rq2                seed=456  cost/d=    13,195  viol=   1.5%  fcsd=0.987  (1167s)
[164/210] OK  rq2                seed=789  cost/d=    13,016  viol=   1.3%  fcsd=0.987  (1157s)
[165/210] OK  rq2                seed=2024  cost/d=    14,492  viol=   1.5%  fcsd=0.987  (1153s)
[166/210] OK  rq2                seed=42  cost/d=    13,621  viol=   2.1%  fcsd=0.985  (1153s)
[167/210] OK  rq2                seed=123  cost/d=    13,199  viol=   1.3%  fcsd=0.990  (1148s)
[168/210] OK  rq2                seed=789  cost/d=    13,306  viol=   3.3%  fcsd=0.982  (1132s)
[169/210] OK  rq2                seed=456  cost/d=    13,981  viol=   1.8%  fcsd=0.987  (1147s)
[170/210] OK  rq2                seed=2024  cost/d=    13,328  viol=   3.0%  fcsd=0.982  (1142s)
[171/210] OK  rq2                seed=42  cost/d=    13,827  viol=   3.4%  fcsd=0.981  (1150s)
[172/210] OK  rq2                seed=789  cost/d=    14,412  viol=   2.8%  fcsd=0.982  (1146s)
[173/210] OK  rq2                seed=456  cost/d=    13,729  viol=   4.5%  fcsd=0.978  (1157s)
[174/210] OK  rq2                seed=123  cost/d=    13,569  viol=   5.2%  fcsd=0.977  (1159s)
[175/210] OK  rq2                seed=2024  cost/d=    14,720  viol=   5.8%  fcsd=0.974  (1150s)
[176/210] OK  rq2                seed=42  cost/d=    11,741  viol=   0.1%  fcsd=0.993  (1709s)
[177/210] OK  rq2                seed=123  cost/d=    11,874  viol=   0.3%  fcsd=0.992  (1708s)
[178/210] OK  rq2                seed=456  cost/d=    11,966  viol=   0.4%  fcsd=0.994  (1717s)
[179/210] OK  rq2                seed=2024  cost/d=    11,839  viol=   0.4%  fcsd=0.993  (1713s)
[180/210] OK  rq2                seed=789  cost/d=    12,949  viol=   0.4%  fcsd=0.995  (1715s)
[181/210] OK  rq2                seed=42  cost/d=    12,354  viol=   0.3%  fcsd=0.992  (1734s)
[182/210] OK  rq2                seed=123  cost/d=    12,479  viol=   0.4%  fcsd=0.992  (1706s)
[183/210] OK  rq2                seed=456  cost/d=    11,902  viol=   0.7%  fcsd=0.992  (1696s)
[184/210] OK  rq2                seed=789  cost/d=    12,900  viol=   0.3%  fcsd=0.994  (1703s)
[185/210] OK  rq2                seed=2024  cost/d=    12,180  viol=   0.4%  fcsd=0.992  (1710s)
[186/210] OK  rq2                seed=42  cost/d=    12,709  viol=   0.1%  fcsd=0.991  (1714s)
[187/210] OK  rq2                seed=123  cost/d=    12,617  viol=   0.3%  fcsd=0.994  (1705s)
[188/210] OK  rq2                seed=456  cost/d=    12,620  viol=   0.9%  fcsd=0.994  (1711s)
[189/210] OK  rq2                seed=789  cost/d=    13,784  viol=   0.1%  fcsd=0.994  (1711s)
[190/210] OK  rq2                seed=123  cost/d=    13,289  viol=   0.6%  fcsd=0.994  (1701s)
[191/210] OK  rq2                seed=2024  cost/d=    12,644  viol=   0.6%  fcsd=0.991  (1717s)
[192/210] OK  rq2                seed=42  cost/d=    12,827  viol=   0.4%  fcsd=0.990  (1714s)
[193/210] OK  rq2                seed=456  cost/d=    12,939  viol=   0.9%  fcsd=0.990  (1704s)
[194/210] OK  rq2                seed=789  cost/d=    13,024  viol=   0.7%  fcsd=0.991  (1695s)
[195/210] OK  rq2                seed=2024  cost/d=    11,915  viol=   2.2%  fcsd=0.984  (1708s)
[196/210] OK  rq2                seed=456  cost/d=    13,183  viol=   0.9%  fcsd=0.992  (1708s)
[197/210] OK  rq2                seed=42  cost/d=    12,832  viol=   1.2%  fcsd=0.988  (1717s)
[198/210] OK  rq2                seed=123  cost/d=    13,862  viol=   0.7%  fcsd=0.992  (1717s)
[199/210] OK  rq2                seed=789  cost/d=    13,046  viol=   1.8%  fcsd=0.986  (1708s)
[200/210] OK  rq2                seed=2024  cost/d=    13,050  viol=   1.5%  fcsd=0.987  (1984s)
[201/210] OK  rq2                seed=42  cost/d=    15,598  viol=   0.7%  fcsd=0.994  (2142s)
[202/210] OK  rq2                seed=789  cost/d=    13,343  viol=   3.0%  fcsd=0.983  (2081s)
[203/210] OK  rq2                seed=123  cost/d=    14,318  viol=   1.3%  fcsd=0.991  (2090s)
[204/210] OK  rq2                seed=456  cost/d=    14,109  viol=   0.7%  fcsd=0.991  (2098s)
[205/210] OK  rq2                seed=2024  cost/d=    13,235  viol=   2.2%  fcsd=0.984  (2089s)
[206/210] OK  rq2                seed=42  cost/d=    15,453  viol=   3.1%  fcsd=0.982  (1802s)
[207/210] OK  rq2                seed=123  cost/d=    14,622  viol=   2.2%  fcsd=0.987  (1538s)
[208/210] OK  rq2                seed=789  cost/d=    14,274  viol=   3.4%  fcsd=0.979  (1385s)
[209/210] OK  rq2                seed=456  cost/d=    14,490  viol=   1.8%  fcsd=0.994  (1391s)
[210/210] OK  rq2                seed=2024  cost/d=    15,248  viol=   5.2%  fcsd=0.976  (1383s)
